appointment_id,patient_id,doctor_id,appointment_datetime,appointment_type,status,reason,room_number,created_at
APT000001,PAT00613,DOC0062,2025-10-28 14:15,Annual Check-up,No-show,Fever and cough,R683,2025-10-02
APT000002,PAT00446,DOC0119,2025-11-09 09:45,Lab Review,Cancelled,Joint pain,R600,2025-11-05
APT000003,PAT00729,DOC0001,2026-09-23 17:30,Consultation,Scheduled,Skin rash,R459,2026-07-28
APT000004,PAT00382,DOC0052,2025-12-30 09:00,Follow-up,Scheduled,Headache,R187,2025-11-26
APT000005,PAT01054,DOC0116,2025-06-07 16:00,Consultation,Scheduled,Joint pain,R260,2025-04-18
APT000006,PAT00513,DOC0029,2026-04-27 16:30,Telehealth,Completed,Skin rash,R287,2026-03-23
APT000007,PAT00552,DOC0014,2026-03-26 17:15,Annual Check-up,Completed,Diabetes follow-up,R545,2026-03-25
APT000008,PAT00736,DOC0114,2026-12-28 12:00,Follow-up,Scheduled,Blood pressure review,R505,2026-12-01
APT000009,PAT00679,DOC0116,2025-02-02 11:15,Emergency,No-show,Vaccination,R222,2025-01-06
APT000010,PAT01002,DOC0071,2026-05-23 11:30,Vaccination,Scheduled,Medication refill,R844,2026-03-24
APT000011,PAT00797,DOC0017,2025-04-23 10:00,Emergency,Completed,Diabetes follow-up,R613,2025-04-22
APT000012,PAT00485,DOC0007,2026-11-26 15:45,Telehealth,Scheduled,Anxiety symptoms,R592,2026-11-07
APT000013,PAT00578,DOC0063,2025-03-26 16:15,Annual Check-up,Completed,Anxiety symptoms,R624,2025-03-14
APT000014,PAT00511,DOC0036,2025-04-28 14:15,Follow-up,Scheduled,Chest discomfort,R586,2025-03-13
APT000015,PAT00212,DOC0090,2026-05-30 11:15,Annual Check-up,Cancelled,Lab results review,R750,2026-05-20
APT000016,PAT00470,DOC0016,2025-05-16 16:00,Follow-up,Completed,Skin rash,R537,2025-05-14
APT000017,PAT00409,DOC0012,2025-02-22 16:45,Annual Check-up,Completed,Pregnancy consultation,R749,2025-02-07
APT000018,PAT00455,DOC0044,2026-03-13 17:00,Annual Check-up,Scheduled,Pregnancy consultation,R153,2026-02-21
APT000019,PAT00226,DOC0035,2026-01-08 14:30,Follow-up,Scheduled,Ear pain,R428,2025-11-11
APT000020,PAT00098,DOC0024,2025-02-11 09:00,Emergency,No-show,Chest discomfort,R318,2025-01-23
APT000021,PAT00967,DOC0036,2026-09-14 10:45,Emergency,Scheduled,Diabetes follow-up,R443,2026-08-25
APT000022,PAT00229,DOC0013,2026-11-17 09:15,Lab Review,Cancelled,Back pain,R471,2026-09-30
APT000023,PAT01084,DOC0078,2026-01-16 12:30,Telehealth,Cancelled,Blood pressure review,R190,2025-11-20
APT000024,PAT00218,DOC0017,2026-10-07 10:00,Follow-up,Scheduled,Anxiety symptoms,R822,2026-09-08
APT000025,PAT00203,DOC0010,2026-07-14 15:30,Vaccination,Scheduled,Ear pain,R839,2026-07-04
APT000026,PAT00090,DOC0017,2025-07-16 16:30,Emergency,Cancelled,Joint pain,R475,2025-06-17
APT000027,PAT00241,DOC0117,2026-03-23 10:45,Vaccination,Cancelled,Headache,R123,2026-03-12
APT000028,PAT00562,DOC0090,2025-05-13 14:00,Lab Review,Completed,Anxiety symptoms,R811,2025-04-30
APT000029,PAT00815,DOC0064,2026-12-03 10:15,Vaccination,Scheduled,Vaccination,R899,2026-11-08
APT000030,PAT00821,DOC0078,2025-10-06 12:15,Vaccination,Completed,Fever and cough,R324,2025-08-29
APT000031,PAT00019,DOC0113,2026-06-10 17:30,Emergency,Completed,Skin rash,R826,2026-05-23
APT000032,PAT01131,DOC0016,2025-06-25 12:00,Emergency,Completed,Pregnancy consultation,R141,2025-05-15
APT000033,PAT00304,DOC0114,2025-10-12 11:30,Annual Check-up,Completed,Lab results review,R355,2025-08-20
APT000034,PAT00431,DOC0069,2025-04-29 09:30,Emergency,Cancelled,Chest discomfort,R433,2025-04-23
APT000035,PAT01125,DOC0034,2025-05-17 16:30,Annual Check-up,Completed,Back pain,R111,2025-03-25
APT000036,PAT00729,DOC0029,2025-10-14 11:30,Annual Check-up,Cancelled,Fever and cough,R897,2025-08-25
APT000037,PAT01195,DOC0014,2026-12-06 16:30,Vaccination,Cancelled,Lab results review,R665,2026-11-22
APT000038,PAT00906,DOC0029,2025-11-29 14:15,Lab Review,No-show,Anxiety symptoms,R871,2025-11-03
APT000039,PAT00319,DOC0058,2025-08-26 16:30,Consultation,Scheduled,Diabetes follow-up,R608,2025-08-14
APT000040,PAT00941,DOC0024,2025-06-30 12:45,Annual Check-up,Completed,Ear pain,R389,2025-06-28
APT000041,PAT00636,DOC0021,2025-07-01 16:15,Consultation,Completed,Routine check-up,R537,2025-06-15
APT000042,PAT00932,DOC0117,2026-10-23 16:00,Annual Check-up,Scheduled,Ear pain,R869,2026-09-01
APT000043,PAT00025,DOC0078,2025-04-13 16:45,Lab Review,Completed,Fever and cough,R114,2025-02-23
APT000044,PAT00090,DOC0017,2025-09-12 10:30,Vaccination,No-show,Diabetes follow-up,R114,2025-07-23
APT000045,PAT00020,DOC0102,2025-04-19 15:00,Telehealth,Completed,Blood pressure review,R878,2025-03-13
APT000046,PAT00910,DOC0105,2025-06-17 14:30,Follow-up,Completed,Vaccination,R158,2025-05-13
APT000047,PAT00548,DOC0081,2026-07-11 10:00,Vaccination,Scheduled,Lab results review,R404,2026-07-04
APT000048,PAT01048,DOC0114,2026-03-02 11:00,Consultation,Completed,Joint pain,R333,2026-02-02
APT000049,PAT00790,DOC0019,2025-12-28 14:15,Telehealth,No-show,Joint pain,R804,2025-11-01
APT000050,PAT00231,DOC0063,2025-06-23 10:15,Emergency,Completed,Routine check-up,R179,2025-05-14
APT000051,PAT00684,DOC0016,2026-01-05 10:00,Follow-up,Completed,Anxiety symptoms,R539,2025-12-02
APT000052,PAT00686,DOC0077,2025-07-05 16:15,Annual Check-up,No-show,Joint pain,R409,2025-05-26
APT000053,PAT00588,DOC0045,2025-04-17 14:45,Emergency,Completed,Chest discomfort,R829,2025-02-24
APT000054,PAT00157,DOC0101,2025-01-03 11:15,Telehealth,Completed,Back pain,R558,2024-11-17
APT000055,PAT00980,DOC0105,2025-03-10 10:45,Follow-up,Completed,Ear pain,R193,2025-02-17
APT000056,PAT00262,DOC0024,2026-01-30 15:30,Telehealth,Scheduled,Vaccination,R811,2026-01-03
APT000057,PAT00683,DOC0018,2026-11-01 12:45,Vaccination,Scheduled,Headache,R647,2026-09-30
APT000058,PAT01091,DOC0069,2025-08-24 16:00,Telehealth,No-show,Anxiety symptoms,R640,2025-07-18
APT000059,PAT00450,DOC0090,2025-03-31 12:30,Lab Review,Completed,Fever and cough,R118,2025-03-07
APT000060,PAT01144,DOC0061,2025-05-17 10:00,Emergency,Completed,Joint pain,R898,2025-03-25
APT000061,PAT00286,DOC0038,2026-04-17 11:45,Lab Review,Completed,Blood pressure review,R330,2026-04-13
APT000062,PAT00283,DOC0016,2026-12-14 11:45,Telehealth,Cancelled,Ear pain,R481,2026-12-10
APT000063,PAT00218,DOC0085,2026-08-19 10:45,Consultation,Scheduled,Lab results review,R251,2026-07-26
APT000064,PAT00290,DOC0011,2025-09-08 10:00,Follow-up,Scheduled,Anxiety symptoms,R884,2025-08-27
APT000065,PAT00963,DOC0096,2025-05-24 14:45,Emergency,No-show,Headache,R555,2025-04-03
APT000066,PAT00028,DOC0037,2025-04-24 11:00,Consultation,No-show,Joint pain,R719,2025-03-06
APT000067,PAT00356,DOC0065,2025-06-14 09:45,Annual Check-up,Scheduled,Lab results review,R566,2025-05-09
APT000068,PAT00529,DOC0118,2026-08-09 14:15,Consultation,Scheduled,Headache,R635,2026-07-15
APT000069,PAT00257,DOC0096,2025-08-05 16:00,Follow-up,Scheduled,Blood pressure review,R864,2025-06-30
APT000070,PAT00159,DOC0105,2026-12-11 17:45,Telehealth,Cancelled,Back pain,R490,2026-11-30
APT000071,PAT00112,DOC0103,2026-01-16 16:15,Consultation,Completed,Skin rash,R180,2025-12-23
APT000072,PAT00688,DOC0004,2025-09-03 14:15,Consultation,Completed,Pregnancy consultation,R317,2025-07-26
APT000073,PAT00023,DOC0097,2025-11-13 12:15,Follow-up,Completed,Chest discomfort,R376,2025-11-07
APT000074,PAT01168,DOC0073,2025-02-15 17:00,Consultation,Completed,Fever and cough,R417,2025-02-14
APT000075,PAT00731,DOC0097,2025-10-17 16:15,Annual Check-up,Scheduled,Back pain,R465,2025-10-08
APT000076,PAT00200,DOC0043,2026-02-22 10:15,Lab Review,Cancelled,Fever and cough,R492,2026-01-22
APT000077,PAT00077,DOC0038,2025-06-15 11:45,Consultation,No-show,Routine check-up,R836,2025-05-31
APT000078,PAT00442,DOC0104,2026-11-29 11:15,Vaccination,Cancelled,Pregnancy consultation,R768,2026-10-26
APT000079,PAT00700,DOC0058,2025-05-15 15:30,Lab Review,Cancelled,Back pain,R542,2025-05-12
APT000080,PAT00794,DOC0031,2025-08-02 10:15,Telehealth,No-show,Anxiety symptoms,R200,2025-06-11
APT000081,PAT00031,DOC0019,2025-11-13 10:45,Emergency,Scheduled,Routine check-up,R274,2025-09-14
APT000082,PAT00606,DOC0021,2025-03-11 14:30,Consultation,Completed,Back pain,R284,2025-01-24
APT000083,PAT00944,DOC0034,2026-04-30 14:45,Consultation,Completed,Chest discomfort,R683,2026-03-29
APT000084,PAT00082,DOC0047,2025-10-21 16:45,Annual Check-up,Cancelled,Lab results review,R233,2025-09-22
APT000085,PAT00752,DOC0066,2026-10-02 15:30,Vaccination,Scheduled,Routine check-up,R561,2026-09-15
APT000086,PAT00088,DOC0080,2026-10-22 09:15,Follow-up,Scheduled,Ear pain,R208,2026-10-03
APT000087,PAT00770,DOC0021,2026-08-07 16:00,Annual Check-up,Scheduled,Blood pressure review,R196,2026-07-15
APT000088,PAT00955,DOC0060,2026-10-20 17:00,Consultation,Cancelled,Routine check-up,R507,2026-08-31
APT000089,PAT00888,DOC0026,2026-02-16 15:00,Vaccination,Completed,Back pain,R598,2026-02-02
APT000090,PAT00976,DOC0015,2025-10-13 17:00,Telehealth,Completed,Pregnancy consultation,R250,2025-09-02
APT000091,PAT00438,DOC0041,2026-08-05 09:45,Telehealth,Scheduled,Fever and cough,R319,2026-08-01
APT000092,PAT00434,DOC0112,2025-01-24 16:30,Follow-up,No-show,Skin rash,R186,2025-01-14
APT000093,PAT00142,DOC0036,2026-02-19 10:30,Telehealth,No-show,Lab results review,R530,2026-01-16
APT000094,PAT00439,DOC0086,2025-09-23 11:00,Emergency,Scheduled,Routine check-up,R872,2025-09-03
APT000095,PAT00337,DOC0026,2025-12-24 16:45,Annual Check-up,Cancelled,Vaccination,R265,2025-11-09
APT000096,PAT00895,DOC0046,2026-12-11 16:00,Consultation,Scheduled,Pregnancy consultation,R841,2026-10-29
APT000097,PAT01185,DOC0079,2025-05-29 15:30,Telehealth,Completed,Fever and cough,R252,2025-04-27
APT000098,PAT00649,DOC0015,2026-11-22 16:30,Telehealth,Scheduled,Pregnancy consultation,R229,2026-10-12
APT000099,PAT00921,DOC0082,2026-08-16 10:00,Telehealth,Scheduled,Blood pressure review,R814,2026-07-12
APT000100,PAT00341,DOC0077,2026-01-22 12:30,Annual Check-up,Completed,Blood pressure review,R691,2026-01-21
APT000101,PAT00759,DOC0105,2026-01-08 09:30,Vaccination,Completed,Joint pain,R228,2025-11-24
APT000102,PAT01023,DOC0084,2026-04-12 16:45,Lab Review,Completed,Back pain,R656,2026-03-15
APT000103,PAT01072,DOC0098,2025-12-10 10:15,Emergency,Scheduled,Vaccination,R282,2025-11-04
APT000104,PAT00334,DOC0070,2026-03-23 16:30,Annual Check-up,No-show,Lab results review,R797,2026-02-23
APT000105,PAT00581,DOC0090,2026-09-28 10:00,Annual Check-up,Scheduled,Medication refill,R117,2026-08-19
APT000106,PAT00843,DOC0014,2026-05-24 10:45,Lab Review,Cancelled,Pregnancy consultation,R134,2026-04-11
APT000107,PAT00594,DOC0110,2026-03-07 12:15,Vaccination,Scheduled,Medication refill,R491,2026-02-27
APT000108,PAT00401,DOC0110,2026-04-26 10:30,Telehealth,Scheduled,Medication refill,R761,2026-03-11
APT000109,PAT00811,DOC0001,2026-01-19 12:30,Emergency,No-show,Skin rash,R415,2025-11-26
APT000110,PAT00850,DOC0087,2025-09-05 09:45,Consultation,Completed,Fever and cough,R258,2025-07-16
APT000111,PAT00767,DOC0108,2026-06-16 15:30,Telehealth,Cancelled,Diabetes follow-up,R348,2026-05-11
APT000112,PAT00802,DOC0025,2026-09-24 16:00,Follow-up,Scheduled,Medication refill,R752,2026-08-30
APT000113,PAT00356,DOC0052,2025-11-22 11:45,Annual Check-up,Completed,Blood pressure review,R230,2025-10-20
APT000114,PAT00243,DOC0081,2026-08-14 16:30,Emergency,Scheduled,Lab results review,R309,2026-08-08
APT000115,PAT00192,DOC0004,2026-03-24 09:15,Annual Check-up,Cancelled,Fever and cough,R657,2026-01-24
APT000116,PAT00162,DOC0074,2026-01-27 09:15,Annual Check-up,No-show,Vaccination,R897,2026-01-04
APT000117,PAT00383,DOC0031,2026-10-31 12:30,Annual Check-up,Scheduled,Blood pressure review,R899,2026-09-09
APT000118,PAT00775,DOC0099,2025-09-24 09:30,Annual Check-up,Completed,Routine check-up,R124,2025-08-14
APT000119,PAT01187,DOC0111,2025-04-16 10:45,Consultation,Cancelled,Joint pain,R210,2025-04-06
APT000120,PAT00579,DOC0034,2025-07-04 10:00,Lab Review,Completed,Vaccination,R313,2025-06-08
APT000121,PAT00207,DOC0063,2025-01-23 16:00,Consultation,No-show,Vaccination,R316,2024-12-10
APT000122,PAT00860,DOC0049,2025-11-18 17:15,Consultation,Completed,Diabetes follow-up,R283,2025-10-06
APT000123,PAT01162,DOC0081,2026-09-14 09:00,Vaccination,Scheduled,Back pain,R715,2026-08-10
APT000124,PAT00011,DOC0021,2026-06-19 14:00,Consultation,Cancelled,Blood pressure review,R649,2026-06-17
APT000125,PAT01061,DOC0066,2025-06-06 12:30,Consultation,Completed,Routine check-up,R436,2025-05-28
APT000126,PAT00451,DOC0011,2026-12-10 11:30,Consultation,Scheduled,Skin rash,R457,2026-10-25
APT000127,PAT01130,DOC0084,2025-10-29 17:45,Telehealth,Cancelled,Headache,R298,2025-10-12
APT000128,PAT00355,DOC0026,2026-12-05 14:45,Emergency,Cancelled,Routine check-up,R270,2026-10-15
APT000129,PAT00422,DOC0093,2026-05-15 16:45,Annual Check-up,Cancelled,Headache,R379,2026-03-23
APT000130,PAT00653,DOC0080,2025-04-21 16:45,Emergency,Cancelled,Blood pressure review,R483,2025-02-22
APT000131,PAT00132,DOC0058,2025-06-21 09:30,Emergency,Scheduled,Anxiety symptoms,R719,2025-04-29
APT000132,PAT01087,DOC0046,2026-02-12 09:00,Telehealth,Completed,Diabetes follow-up,R291,2026-01-20
APT000133,PAT00503,DOC0010,2025-08-09 15:30,Consultation,Completed,Diabetes follow-up,R110,2025-07-19
APT000134,PAT00023,DOC0092,2025-12-03 12:45,Follow-up,Completed,Anxiety symptoms,R676,2025-11-28
APT000135,PAT00790,DOC0037,2026-09-09 12:15,Annual Check-up,Scheduled,Routine check-up,R723,2026-07-14
APT000136,PAT00154,DOC0074,2026-10-24 16:45,Follow-up,Scheduled,Back pain,R151,2026-09-02
APT000137,PAT01012,DOC0064,2025-02-17 14:45,Telehealth,Completed,Routine check-up,R276,2025-01-09
APT000138,PAT00670,DOC0076,2026-01-28 12:00,Annual Check-up,Completed,Skin rash,R690,2026-01-27
APT000139,PAT00946,DOC0037,2025-05-15 16:00,Vaccination,Cancelled,Joint pain,R141,2025-04-23
APT000140,PAT00034,DOC0009,2026-04-27 10:45,Emergency,Completed,Ear pain,R425,2026-03-09
APT000141,PAT00709,DOC0052,2025-03-23 15:45,Telehealth,Completed,Anxiety symptoms,R406,2025-02-06
APT000142,PAT00931,DOC0064,2026-10-19 10:30,Follow-up,Scheduled,Anxiety symptoms,R149,2026-08-27
APT000143,PAT00022,DOC0018,2025-04-18 15:45,Consultation,Completed,Blood pressure review,R296,2025-03-02
APT000144,PAT00756,DOC0105,2026-07-05 09:00,Consultation,Scheduled,Skin rash,R412,2026-06-30
APT000145,PAT00541,DOC0043,2026-12-06 16:30,Vaccination,Scheduled,Ear pain,R572,2026-11-28
APT000146,PAT00259,DOC0041,2025-06-01 16:45,Vaccination,Completed,Chest discomfort,R641,2025-05-16
APT000147,PAT01184,DOC0062,2026-11-09 17:30,Follow-up,Scheduled,Back pain,R195,2026-10-23
APT000148,PAT00607,DOC0092,2025-03-26 15:15,Annual Check-up,No-show,Chest discomfort,R311,2025-02-09
APT000149,PAT00160,DOC0010,2026-05-22 09:15,Follow-up,No-show,Fever and cough,R580,2026-03-30
APT000150,PAT00789,DOC0025,2026-05-15 10:30,Lab Review,Cancelled,Blood pressure review,R641,2026-04-12
APT000151,PAT00642,DOC0098,2025-11-16 17:15,Consultation,Cancelled,Lab results review,R234,2025-11-01
APT000152,PAT00745,DOC0050,2026-04-09 12:45,Emergency,Completed,Blood pressure review,R534,2026-03-29
APT000153,PAT00630,DOC0112,2026-08-15 10:15,Consultation,Cancelled,Vaccination,R347,2026-08-13
APT000154,PAT00944,DOC0024,2025-10-01 09:45,Telehealth,Cancelled,Chest discomfort,R461,2025-09-14
APT000155,PAT00243,DOC0119,2026-07-18 10:30,Telehealth,Scheduled,Headache,R615,2026-06-20
APT000156,PAT01041,DOC0043,2025-02-24 17:30,Consultation,Completed,Back pain,R765,2025-01-30
APT000157,PAT00866,DOC0025,2025-10-29 12:45,Emergency,Cancelled,Diabetes follow-up,R643,2025-09-20
APT000158,PAT01011,DOC0067,2026-03-20 10:00,Consultation,Completed,Chest discomfort,R325,2026-03-12
APT000159,PAT00109,DOC0115,2025-02-06 14:15,Consultation,Cancelled,Routine check-up,R383,2025-01-22
APT000160,PAT00829,DOC0051,2026-02-07 10:15,Emergency,No-show,Ear pain,R608,2026-01-24
APT000161,PAT00351,DOC0101,2025-07-28 15:30,Emergency,Cancelled,Ear pain,R852,2025-07-27
APT000162,PAT00194,DOC0024,2026-05-31 17:30,Follow-up,No-show,Lab results review,R275,2026-05-10
APT000163,PAT00143,DOC0022,2025-07-11 15:45,Annual Check-up,Completed,Diabetes follow-up,R586,2025-06-13
APT000164,PAT00685,DOC0003,2025-07-01 14:00,Lab Review,No-show,Diabetes follow-up,R110,2025-05-23
APT000165,PAT00722,DOC0061,2026-08-21 09:45,Consultation,Scheduled,Lab results review,R147,2026-06-29
APT000166,PAT00036,DOC0073,2026-11-28 14:15,Lab Review,Scheduled,Pregnancy consultation,R251,2026-10-09
APT000167,PAT00193,DOC0013,2025-11-08 15:45,Emergency,No-show,Vaccination,R659,2025-10-22
APT000168,PAT00997,DOC0033,2026-01-09 17:00,Emergency,Completed,Lab results review,R828,2025-12-18
APT000169,PAT01061,DOC0100,2026-11-11 17:00,Annual Check-up,Cancelled,Skin rash,R756,2026-11-09
APT000170,PAT00303,DOC0053,2025-08-14 11:30,Follow-up,Completed,Vaccination,R692,2025-06-27
APT000171,PAT00883,DOC0047,2025-07-31 10:15,Annual Check-up,Scheduled,Joint pain,R211,2025-07-13
APT000172,PAT01116,DOC0116,2026-04-06 11:30,Emergency,No-show,Joint pain,R440,2026-03-11
APT000173,PAT00855,DOC0036,2025-11-13 12:00,Annual Check-up,Cancelled,Anxiety symptoms,R452,2025-09-20
APT000174,PAT00252,DOC0056,2026-04-11 15:30,Telehealth,Completed,Routine check-up,R802,2026-04-01
APT000175,PAT00956,DOC0088,2025-06-03 14:15,Emergency,Scheduled,Skin rash,R167,2025-04-12
APT000176,PAT00604,DOC0002,2026-04-10 09:15,Consultation,Cancelled,Skin rash,R155,2026-03-09
APT000177,PAT00627,DOC0001,2026-03-17 15:00,Follow-up,Completed,Fever and cough,R459,2026-01-19
APT000178,PAT00581,DOC0101,2026-05-30 11:00,Follow-up,Completed,Ear pain,R851,2026-05-17
APT000179,PAT00885,DOC0075,2025-03-24 14:15,Emergency,Scheduled,Fever and cough,R355,2025-01-31
APT000180,PAT00792,DOC0055,2026-02-13 10:30,Vaccination,Completed,Joint pain,R419,2026-02-01
APT000181,PAT01155,DOC0056,2026-11-27 15:15,Follow-up,Scheduled,Chest discomfort,R527,2026-10-22
APT000182,PAT00409,DOC0039,2025-11-09 10:30,Telehealth,No-show,Anxiety symptoms,R659,2025-10-28
APT000183,PAT00770,DOC0101,2026-03-24 10:15,Annual Check-up,Scheduled,Pregnancy consultation,R421,2026-02-19
APT000184,PAT00733,DOC0060,2025-12-29 16:45,Telehealth,Scheduled,Headache,R129,2025-10-31
APT000185,PAT01145,DOC0004,2026-03-08 10:15,Lab Review,Completed,Anxiety symptoms,R349,2026-01-29
APT000186,PAT01049,DOC0048,2025-05-11 14:00,Follow-up,Scheduled,Medication refill,R513,2025-03-29
APT000187,PAT00013,DOC0060,2026-06-15 17:00,Emergency,Completed,Routine check-up,R766,2026-06-08
APT000188,PAT00683,DOC0077,2025-04-10 14:45,Lab Review,Completed,Ear pain,R163,2025-04-02
APT000189,PAT01198,DOC0087,2026-06-08 09:15,Vaccination,Completed,Pregnancy consultation,R859,2026-05-07
APT000190,PAT00280,DOC0029,2026-11-23 11:30,Consultation,Cancelled,Chest discomfort,R597,2026-10-14
APT000191,PAT00412,DOC0015,2025-03-10 09:15,Vaccination,Completed,Anxiety symptoms,R200,2025-02-22
APT000192,PAT00419,DOC0014,2026-05-01 09:45,Consultation,Completed,Headache,R408,2026-04-05
APT000193,PAT00991,DOC0024,2025-08-29 14:45,Vaccination,No-show,Lab results review,R227,2025-08-01
APT000194,PAT00300,DOC0082,2025-01-23 11:15,Annual Check-up,No-show,Lab results review,R347,2025-01-12
APT000195,PAT01048,DOC0095,2026-12-18 12:45,Annual Check-up,Scheduled,Vaccination,R203,2026-11-10
APT000196,PAT01010,DOC0048,2026-11-15 14:45,Telehealth,Scheduled,Headache,R527,2026-09-23
APT000197,PAT00871,DOC0019,2025-01-29 14:45,Telehealth,Cancelled,Routine check-up,R112,2024-12-22
APT000198,PAT00621,DOC0005,2026-10-23 17:00,Telehealth,Scheduled,Joint pain,R841,2026-09-23
APT000199,PAT00568,DOC0002,2025-06-12 15:15,Vaccination,No-show,Back pain,R500,2025-05-10
APT000200,PAT00129,DOC0023,2026-11-03 11:30,Emergency,Cancelled,Chest discomfort,R571,2026-09-18
APT000201,PAT00287,DOC0036,2026-11-06 14:45,Telehealth,Scheduled,Routine check-up,R584,2026-09-28
APT000202,PAT00370,DOC0074,2026-12-27 14:15,Vaccination,Cancelled,Ear pain,R457,2026-11-19
APT000203,PAT00827,DOC0009,2025-02-16 09:15,Annual Check-up,Completed,Blood pressure review,R209,2025-01-15
APT000204,PAT00976,DOC0042,2025-08-26 12:00,Annual Check-up,Completed,Joint pain,R494,2025-07-08
APT000205,PAT00861,DOC0119,2025-03-07 09:30,Lab Review,Completed,Routine check-up,R868,2025-03-02
APT000206,PAT00905,DOC0098,2026-01-19 09:15,Annual Check-up,Completed,Back pain,R561,2025-12-25
APT000207,PAT00273,DOC0082,2026-08-11 12:15,Annual Check-up,Scheduled,Skin rash,R393,2026-07-27
APT000208,PAT00413,DOC0095,2025-06-15 16:15,Consultation,Cancelled,Routine check-up,R745,2025-05-03
APT000209,PAT00198,DOC0027,2025-02-04 11:00,Vaccination,Scheduled,Back pain,R660,2024-12-10
APT000210,PAT00148,DOC0044,2025-07-09 17:15,Vaccination,Completed,Lab results review,R586,2025-06-06
APT000211,PAT00722,DOC0046,2026-09-26 11:00,Telehealth,Cancelled,Vaccination,R173,2026-08-20
APT000212,PAT00161,DOC0017,2026-06-14 14:00,Follow-up,Scheduled,Routine check-up,R153,2026-05-06
APT000213,PAT01108,DOC0043,2025-01-24 12:30,Telehealth,Completed,Joint pain,R821,2025-01-01
APT000214,PAT00140,DOC0112,2025-06-11 14:00,Follow-up,Cancelled,Pregnancy consultation,R631,2025-04-12
APT000215,PAT01025,DOC0040,2026-02-13 09:00,Emergency,Scheduled,Anxiety symptoms,R769,2026-02-11
APT000216,PAT00067,DOC0044,2026-03-08 14:15,Follow-up,Completed,Back pain,R310,2026-01-31
APT000217,PAT00676,DOC0119,2026-11-11 09:15,Vaccination,Cancelled,Vaccination,R820,2026-09-18
APT000218,PAT00073,DOC0045,2025-03-14 16:00,Telehealth,Cancelled,Joint pain,R233,2025-02-24
APT000219,PAT00086,DOC0014,2025-02-06 17:15,Telehealth,Completed,Chest discomfort,R590,2025-01-17
APT000220,PAT00467,DOC0003,2025-02-26 09:15,Lab Review,Cancelled,Pregnancy consultation,R489,2025-01-13
APT000221,PAT00038,DOC0071,2026-05-09 09:45,Annual Check-up,Scheduled,Medication refill,R229,2026-04-11
APT000222,PAT00875,DOC0071,2025-05-22 10:45,Emergency,Cancelled,Routine check-up,R461,2025-05-09
APT000223,PAT00703,DOC0056,2025-03-01 12:15,Consultation,Cancelled,Routine check-up,R333,2025-02-02
APT000224,PAT01099,DOC0073,2025-02-16 09:15,Consultation,Completed,Lab results review,R159,2025-02-07
APT000225,PAT00899,DOC0024,2025-10-17 09:30,Annual Check-up,Cancelled,Back pain,R351,2025-09-28
APT000226,PAT00266,DOC0078,2026-02-12 17:00,Consultation,Completed,Chest discomfort,R357,2026-01-08
APT000227,PAT00422,DOC0064,2026-12-24 15:15,Emergency,Scheduled,Vaccination,R899,2026-11-18
APT000228,PAT00600,DOC0112,2026-11-01 12:30,Vaccination,Cancelled,Back pain,R207,2026-10-28
APT000229,PAT00710,DOC0116,2026-02-25 17:30,Follow-up,Completed,Routine check-up,R634,2026-02-10
APT000230,PAT00625,DOC0095,2026-07-21 12:00,Consultation,Scheduled,Back pain,R341,2026-06-06
APT000231,PAT00902,DOC0084,2026-04-10 10:00,Emergency,Completed,Vaccination,R385,2026-03-03
APT000232,PAT00787,DOC0039,2025-03-28 09:30,Telehealth,Cancelled,Lab results review,R608,2025-03-26
APT000233,PAT00784,DOC0050,2026-03-31 09:15,Follow-up,Scheduled,Blood pressure review,R776,2026-03-03
APT000234,PAT01091,DOC0007,2026-11-08 14:00,Vaccination,Scheduled,Pregnancy consultation,R873,2026-09-11
APT000235,PAT00689,DOC0119,2025-09-26 12:00,Lab Review,No-show,Back pain,R737,2025-08-29
APT000236,PAT00876,DOC0101,2025-02-28 10:45,Emergency,No-show,Ear pain,R648,2025-01-29
APT000237,PAT00869,DOC0074,2026-08-05 14:15,Follow-up,Cancelled,Headache,R236,2026-06-07
APT000238,PAT00032,DOC0036,2026-11-30 14:00,Emergency,Scheduled,Blood pressure review,R685,2026-11-04
APT000239,PAT00080,DOC0079,2025-10-08 15:30,Lab Review,Completed,Chest discomfort,R769,2025-08-17
APT000240,PAT00026,DOC0016,2025-11-11 15:30,Telehealth,Completed,Lab results review,R574,2025-11-09
APT000241,PAT00901,DOC0002,2026-04-23 09:30,Lab Review,No-show,Vaccination,R670,2026-04-09
APT000242,PAT00837,DOC0008,2026-08-17 10:30,Emergency,Cancelled,Joint pain,R166,2026-07-19
APT000243,PAT00369,DOC0034,2025-10-10 14:45,Annual Check-up,Completed,Diabetes follow-up,R279,2025-09-30
APT000244,PAT00102,DOC0030,2025-04-28 09:15,Lab Review,Cancelled,Chest discomfort,R551,2025-03-21
APT000245,PAT00650,DOC0006,2026-07-21 12:00,Consultation,Scheduled,Ear pain,R795,2026-05-27
APT000246,PAT00724,DOC0070,2025-02-15 12:30,Vaccination,Completed,Routine check-up,R555,2025-02-07
APT000247,PAT01047,DOC0010,2025-08-31 12:30,Lab Review,Completed,Anxiety symptoms,R798,2025-08-04
APT000248,PAT00147,DOC0083,2026-03-13 14:15,Vaccination,Completed,Fever and cough,R469,2026-02-19
APT000249,PAT00836,DOC0115,2026-10-30 15:45,Follow-up,Scheduled,Skin rash,R478,2026-10-27
APT000250,PAT00596,DOC0120,2025-06-03 09:00,Lab Review,Completed,Anxiety symptoms,R421,2025-05-01
APT000251,PAT01041,DOC0101,2026-08-19 15:15,Annual Check-up,Scheduled,Headache,R844,2026-08-09
APT000252,PAT00781,DOC0098,2026-10-27 10:00,Vaccination,Cancelled,Joint pain,R689,2026-09-16
APT000253,PAT01123,DOC0094,2026-03-05 10:00,Annual Check-up,Scheduled,Anxiety symptoms,R638,2026-01-30
APT000254,PAT00904,DOC0041,2025-10-03 12:30,Emergency,Completed,Joint pain,R349,2025-08-12
APT000255,PAT00742,DOC0030,2026-04-12 15:00,Telehealth,Completed,Ear pain,R851,2026-02-14
APT000256,PAT00840,DOC0047,2025-03-23 15:00,Annual Check-up,Completed,Joint pain,R596,2025-02-12
APT000257,PAT00472,DOC0058,2026-03-05 12:15,Follow-up,Cancelled,Joint pain,R896,2026-01-05
APT000258,PAT00835,DOC0087,2026-08-22 11:30,Emergency,Scheduled,Medication refill,R221,2026-08-16
APT000259,PAT00837,DOC0054,2026-06-02 11:45,Follow-up,Completed,Chest discomfort,R565,2026-06-01
APT000260,PAT00342,DOC0016,2026-03-05 14:45,Follow-up,Completed,Ear pain,R135,2026-01-10
APT000261,PAT00884,DOC0004,2026-12-08 11:00,Telehealth,Cancelled,Diabetes follow-up,R533,2026-11-15
APT000262,PAT00262,DOC0052,2026-12-15 12:30,Vaccination,Scheduled,Routine check-up,R724,2026-11-05
APT000263,PAT00221,DOC0093,2025-02-16 10:30,Annual Check-up,Scheduled,Vaccination,R561,2024-12-30
APT000264,PAT00893,DOC0038,2026-05-04 11:15,Lab Review,Cancelled,Ear pain,R622,2026-04-28
APT000265,PAT00312,DOC0115,2025-01-08 15:45,Telehealth,Completed,Headache,R281,2024-12-06
APT000266,PAT00573,DOC0099,2025-04-10 12:30,Consultation,Completed,Vaccination,R678,2025-03-07
APT000267,PAT01076,DOC0075,2026-06-05 16:30,Emergency,Scheduled,Back pain,R876,2026-05-24
APT000268,PAT00294,DOC0006,2025-08-04 16:30,Emergency,Cancelled,Anxiety symptoms,R202,2025-07-12
APT000269,PAT00584,DOC0022,2025-05-02 14:30,Follow-up,Scheduled,Vaccination,R274,2025-04-13
APT000270,PAT00532,DOC0078,2025-04-19 12:30,Follow-up,Completed,Diabetes follow-up,R666,2025-02-24
APT000271,PAT01042,DOC0097,2025-06-22 09:00,Vaccination,Cancelled,Joint pain,R300,2025-06-21
APT000272,PAT01001,DOC0107,2025-01-27 15:15,Telehealth,Cancelled,Skin rash,R850,2024-12-29
APT000273,PAT01067,DOC0017,2026-04-10 14:00,Lab Review,No-show,Ear pain,R223,2026-03-12
APT000274,PAT00886,DOC0064,2025-09-27 10:15,Annual Check-up,No-show,Skin rash,R220,2025-09-04
APT000275,PAT00162,DOC0096,2025-08-16 10:30,Emergency,Cancelled,Diabetes follow-up,R383,2025-07-17
APT000276,PAT01051,DOC0087,2025-03-17 15:00,Annual Check-up,Completed,Headache,R634,2025-02-24
APT000277,PAT00390,DOC0108,2026-07-26 09:00,Telehealth,Cancelled,Blood pressure review,R326,2026-06-12
APT000278,PAT00401,DOC0034,2026-04-27 11:45,Annual Check-up,Completed,Lab results review,R609,2026-04-08
APT000279,PAT00270,DOC0026,2026-10-13 10:15,Telehealth,Scheduled,Fever and cough,R672,2026-09-03
APT000280,PAT00428,DOC0091,2025-07-02 09:45,Vaccination,Completed,Ear pain,R490,2025-05-22
APT000281,PAT01196,DOC0031,2026-10-16 15:45,Emergency,Scheduled,Pregnancy consultation,R338,2026-08-20
APT000282,PAT00599,DOC0086,2026-05-12 17:45,Vaccination,Completed,Anxiety symptoms,R593,2026-04-23
APT000283,PAT00198,DOC0029,2025-04-26 14:45,Follow-up,Completed,Vaccination,R779,2025-03-29
APT000284,PAT00238,DOC0023,2026-04-21 15:00,Telehealth,No-show,Back pain,R822,2026-04-12
APT000285,PAT00991,DOC0108,2026-05-16 16:15,Emergency,Completed,Fever and cough,R620,2026-05-02
APT000286,PAT00838,DOC0008,2026-07-30 15:30,Telehealth,Scheduled,Chest discomfort,R553,2026-07-02
APT000287,PAT00817,DOC0034,2025-02-25 14:45,Emergency,Completed,Ear pain,R752,2025-01-03
APT000288,PAT00094,DOC0040,2026-04-04 16:15,Vaccination,Completed,Anxiety symptoms,R312,2026-02-13
APT000289,PAT00226,DOC0079,2026-09-18 15:15,Annual Check-up,Scheduled,Anxiety symptoms,R122,2026-07-28
APT000290,PAT00777,DOC0012,2026-12-23 15:30,Annual Check-up,Scheduled,Medication refill,R151,2026-11-19
APT000291,PAT00432,DOC0047,2026-07-03 12:15,Lab Review,Scheduled,Lab results review,R836,2026-06-18
APT000292,PAT00595,DOC0103,2025-06-15 15:30,Vaccination,Completed,Headache,R851,2025-05-30
APT000293,PAT00028,DOC0005,2025-01-21 10:45,Consultation,Scheduled,Medication refill,R261,2025-01-02
APT000294,PAT00618,DOC0004,2025-08-24 12:00,Consultation,No-show,Skin rash,R487,2025-07-13
APT000295,PAT00821,DOC0017,2025-10-04 10:00,Annual Check-up,Cancelled,Routine check-up,R821,2025-08-16
APT000296,PAT00851,DOC0003,2025-01-16 11:00,Lab Review,Cancelled,Ear pain,R501,2025-01-03
APT000297,PAT00640,DOC0101,2025-11-28 16:00,Telehealth,Completed,Skin rash,R308,2025-11-21
APT000298,PAT00542,DOC0084,2026-08-14 17:45,Follow-up,Scheduled,Skin rash,R517,2026-07-09
APT000299,PAT00571,DOC0062,2025-10-19 12:45,Annual Check-up,Scheduled,Fever and cough,R504,2025-09-25
APT000300,PAT01120,DOC0092,2025-04-21 17:15,Telehealth,Completed,Anxiety symptoms,R890,2025-04-06
APT000301,PAT00916,DOC0048,2026-05-04 10:30,Lab Review,Completed,Back pain,R746,2026-04-28
APT000302,PAT00196,DOC0072,2025-06-23 12:45,Consultation,Completed,Anxiety symptoms,R245,2025-05-28
APT000303,PAT00970,DOC0067,2026-08-04 12:00,Telehealth,Scheduled,Medication refill,R419,2026-06-17
APT000304,PAT00692,DOC0107,2025-06-04 09:30,Vaccination,Cancelled,Ear pain,R517,2025-04-09
APT000305,PAT00012,DOC0035,2026-12-08 12:45,Annual Check-up,Scheduled,Pregnancy consultation,R342,2026-11-17
APT000306,PAT00945,DOC0091,2026-05-10 10:00,Consultation,No-show,Headache,R485,2026-05-01
APT000307,PAT00028,DOC0021,2026-06-17 10:15,Lab Review,Scheduled,Blood pressure review,R217,2026-06-14
APT000308,PAT00869,DOC0064,2025-06-24 17:15,Telehealth,Cancelled,Ear pain,R509,2025-06-23
APT000309,PAT00608,DOC0016,2026-03-22 14:30,Vaccination,Completed,Pregnancy consultation,R481,2026-02-13
APT000310,PAT00340,DOC0019,2025-10-25 12:30,Emergency,Cancelled,Pregnancy consultation,R584,2025-09-25
APT000311,PAT00432,DOC0120,2025-12-05 11:15,Lab Review,No-show,Pregnancy consultation,R586,2025-12-04
APT000312,PAT00651,DOC0054,2025-07-03 11:45,Emergency,Completed,Routine check-up,R819,2025-06-20
APT000313,PAT00409,DOC0089,2025-04-07 17:30,Vaccination,Completed,Routine check-up,R580,2025-02-27
APT000314,PAT00321,DOC0009,2025-12-25 12:30,Follow-up,Completed,Chest discomfort,R382,2025-12-06
APT000315,PAT00873,DOC0075,2025-11-10 15:45,Vaccination,Completed,Joint pain,R655,2025-09-29
APT000316,PAT00415,DOC0010,2026-08-30 11:00,Follow-up,Scheduled,Ear pain,R370,2026-07-24
APT000317,PAT00210,DOC0017,2026-06-19 16:30,Vaccination,Cancelled,Anxiety symptoms,R384,2026-04-28
APT000318,PAT00970,DOC0027,2025-06-22 09:15,Lab Review,Completed,Blood pressure review,R730,2025-06-12
APT000319,PAT00294,DOC0022,2026-05-02 09:30,Follow-up,Completed,Routine check-up,R624,2026-03-11
APT000320,PAT00901,DOC0055,2026-11-12 17:30,Follow-up,Scheduled,Skin rash,R674,2026-10-17
APT000321,PAT00773,DOC0100,2026-01-30 17:30,Emergency,Cancelled,Skin rash,R644,2026-01-24
APT000322,PAT00439,DOC0022,2026-10-11 14:15,Telehealth,Cancelled,Lab results review,R602,2026-08-27
APT000323,PAT00514,DOC0088,2025-05-04 16:30,Lab Review,Completed,Diabetes follow-up,R475,2025-03-10
APT000324,PAT00955,DOC0099,2026-11-18 15:45,Follow-up,Cancelled,Blood pressure review,R492,2026-10-25
APT000325,PAT00367,DOC0120,2025-01-11 12:45,Follow-up,Cancelled,Back pain,R106,2024-12-04
APT000326,PAT00636,DOC0043,2025-04-07 15:30,Vaccination,Completed,Pregnancy consultation,R380,2025-04-04
APT000327,PAT00564,DOC0083,2026-05-06 16:00,Emergency,No-show,Ear pain,R381,2026-03-26
APT000328,PAT00118,DOC0074,2025-02-01 17:45,Telehealth,Completed,Vaccination,R868,2024-12-07
APT000329,PAT01118,DOC0104,2025-04-17 09:30,Annual Check-up,Cancelled,Fever and cough,R257,2025-03-02
APT000330,PAT00363,DOC0112,2025-05-15 10:45,Consultation,Completed,Lab results review,R555,2025-04-04
APT000331,PAT00128,DOC0041,2025-04-10 14:15,Annual Check-up,Cancelled,Chest discomfort,R118,2025-03-19
APT000332,PAT00649,DOC0115,2026-12-28 11:30,Telehealth,Cancelled,Pregnancy consultation,R527,2026-11-04
APT000333,PAT00126,DOC0009,2025-07-17 11:30,Telehealth,Completed,Routine check-up,R146,2025-06-29
APT000334,PAT00407,DOC0089,2026-06-02 16:15,Lab Review,No-show,Chest discomfort,R104,2026-05-13
APT000335,PAT00561,DOC0072,2025-12-26 10:30,Lab Review,Cancelled,Vaccination,R814,2025-12-20
APT000336,PAT01160,DOC0120,2026-04-20 10:00,Follow-up,Completed,Joint pain,R848,2026-04-14
APT000337,PAT00381,DOC0041,2026-08-29 09:15,Annual Check-up,Scheduled,Medication refill,R484,2026-07-30
APT000338,PAT00167,DOC0113,2025-09-10 14:15,Follow-up,No-show,Ear pain,R418,2025-09-06
APT000339,PAT00777,DOC0091,2025-10-21 11:30,Emergency,Cancelled,Diabetes follow-up,R524,2025-10-06
APT000340,PAT00386,DOC0035,2025-07-24 11:30,Telehealth,No-show,Skin rash,R371,2025-07-18
APT000341,PAT01004,DOC0046,2026-08-16 15:30,Telehealth,Cancelled,Medication refill,R747,2026-07-03
APT000342,PAT00350,DOC0005,2026-08-23 16:15,Annual Check-up,Scheduled,Pregnancy consultation,R545,2026-07-31
APT000343,PAT00592,DOC0027,2025-12-17 14:00,Emergency,Completed,Pregnancy consultation,R324,2025-11-17
APT000344,PAT00535,DOC0005,2025-04-29 11:45,Vaccination,Scheduled,Diabetes follow-up,R431,2025-04-05
APT000345,PAT01155,DOC0049,2026-11-06 09:30,Emergency,Cancelled,Ear pain,R109,2026-10-26
APT000346,PAT00864,DOC0061,2025-12-09 15:00,Emergency,Completed,Diabetes follow-up,R267,2025-11-09
APT000347,PAT01120,DOC0024,2025-01-23 17:45,Annual Check-up,Cancelled,Anxiety symptoms,R546,2024-12-07
APT000348,PAT00818,DOC0061,2025-09-07 14:30,Telehealth,Completed,Anxiety symptoms,R795,2025-08-12
APT000349,PAT00615,DOC0006,2025-08-28 10:45,Vaccination,Completed,Headache,R511,2025-07-21
APT000350,PAT00059,DOC0021,2026-06-09 11:30,Annual Check-up,Cancelled,Joint pain,R637,2026-05-27
APT000351,PAT01164,DOC0097,2025-05-23 11:30,Consultation,Completed,Medication refill,R417,2025-04-02
APT000352,PAT00290,DOC0103,2025-12-21 17:45,Consultation,Scheduled,Diabetes follow-up,R775,2025-12-11
APT000353,PAT00411,DOC0114,2025-06-26 14:30,Follow-up,Completed,Routine check-up,R309,2025-05-29
APT000354,PAT00185,DOC0093,2025-09-08 11:30,Follow-up,Scheduled,Fever and cough,R453,2025-09-01
APT000355,PAT00965,DOC0071,2026-12-05 16:15,Telehealth,Cancelled,Joint pain,R575,2026-10-20
APT000356,PAT00498,DOC0098,2025-04-09 16:15,Telehealth,Completed,Back pain,R892,2025-03-19
APT000357,PAT00580,DOC0105,2026-11-22 16:45,Telehealth,Scheduled,Pregnancy consultation,R786,2026-10-05
APT000358,PAT00056,DOC0029,2026-09-16 11:15,Vaccination,Scheduled,Back pain,R102,2026-08-07
APT000359,PAT00816,DOC0118,2025-03-21 12:15,Consultation,Completed,Vaccination,R317,2025-03-01
APT000360,PAT00892,DOC0012,2025-12-14 16:15,Emergency,Completed,Headache,R419,2025-11-19
APT000361,PAT00985,DOC0005,2025-09-25 16:15,Annual Check-up,Scheduled,Diabetes follow-up,R630,2025-08-02
APT000362,PAT00218,DOC0060,2025-03-26 15:00,Lab Review,Scheduled,Chest discomfort,R113,2025-03-15
APT000363,PAT00654,DOC0017,2026-08-12 16:45,Annual Check-up,Cancelled,Fever and cough,R512,2026-07-15
APT000364,PAT00112,DOC0039,2026-03-12 14:00,Vaccination,Scheduled,Anxiety symptoms,R482,2026-01-21
APT000365,PAT00970,DOC0092,2025-12-10 15:00,Telehealth,Completed,Medication refill,R645,2025-10-22
APT000366,PAT00786,DOC0112,2026-11-22 10:15,Vaccination,Cancelled,Fever and cough,R365,2026-11-09
APT000367,PAT01055,DOC0105,2026-09-22 17:45,Consultation,Scheduled,Fever and cough,R225,2026-07-28
APT000368,PAT01003,DOC0059,2026-01-11 09:30,Emergency,Scheduled,Skin rash,R792,2025-12-23
APT000369,PAT00049,DOC0070,2025-10-01 11:30,Consultation,Scheduled,Back pain,R558,2025-09-10
APT000370,PAT00610,DOC0082,2025-02-06 10:30,Vaccination,Completed,Ear pain,R857,2025-01-11
APT000371,PAT00510,DOC0023,2025-03-28 10:15,Annual Check-up,Completed,Ear pain,R606,2025-02-28
APT000372,PAT00563,DOC0045,2026-04-15 12:45,Emergency,Completed,Fever and cough,R482,2026-04-12
APT000373,PAT00301,DOC0078,2026-10-16 10:45,Emergency,Scheduled,Pregnancy consultation,R753,2026-08-29
APT000374,PAT00619,DOC0055,2026-02-15 09:15,Annual Check-up,Completed,Ear pain,R769,2025-12-29
APT000375,PAT00163,DOC0108,2026-03-20 10:15,Emergency,Completed,Anxiety symptoms,R731,2026-02-15
APT000376,PAT01105,DOC0110,2025-09-07 09:30,Follow-up,Scheduled,Anxiety symptoms,R879,2025-07-09
APT000377,PAT00895,DOC0036,2026-12-07 11:30,Vaccination,Scheduled,Pregnancy consultation,R509,2026-10-09
APT000378,PAT00372,DOC0087,2025-10-19 14:00,Consultation,Completed,Headache,R525,2025-09-06
APT000379,PAT00266,DOC0036,2025-10-01 17:30,Follow-up,Completed,Routine check-up,R119,2025-08-16
APT000380,PAT00665,DOC0029,2025-03-07 14:45,Annual Check-up,Scheduled,Anxiety symptoms,R710,2025-02-13
APT000381,PAT01109,DOC0050,2026-05-03 09:30,Emergency,Completed,Back pain,R556,2026-04-23
APT000382,PAT00947,DOC0110,2026-05-26 12:15,Emergency,Scheduled,Chest discomfort,R513,2026-05-23
APT000383,PAT01171,DOC0011,2026-10-09 17:30,Vaccination,Cancelled,Routine check-up,R479,2026-09-19
APT000384,PAT00598,DOC0097,2025-11-19 17:45,Vaccination,Completed,Fever and cough,R699,2025-11-08
APT000385,PAT00721,DOC0073,2026-03-18 16:00,Vaccination,Completed,Medication refill,R862,2026-02-14
APT000386,PAT00481,DOC0049,2026-07-05 11:45,Telehealth,Scheduled,Anxiety symptoms,R324,2026-06-21
APT000387,PAT00227,DOC0074,2025-10-24 11:15,Telehealth,No-show,Medication refill,R664,2025-09-27
APT000388,PAT00721,DOC0097,2025-08-11 16:30,Annual Check-up,Completed,Back pain,R209,2025-06-29
APT000389,PAT00651,DOC0065,2026-07-03 16:15,Lab Review,Scheduled,Lab results review,R576,2026-06-14
APT000390,PAT00921,DOC0021,2025-07-01 16:30,Lab Review,Cancelled,Fever and cough,R443,2025-05-13
APT000391,PAT00951,DOC0084,2025-06-26 10:45,Telehealth,No-show,Anxiety symptoms,R529,2025-05-30
APT000392,PAT00387,DOC0082,2025-01-30 12:15,Vaccination,Cancelled,Anxiety symptoms,R183,2024-12-22
APT000393,PAT01169,DOC0094,2026-02-23 09:30,Follow-up,Completed,Anxiety symptoms,R683,2026-01-13
APT000394,PAT00967,DOC0088,2025-04-04 15:00,Lab Review,Cancelled,Ear pain,R770,2025-03-10
APT000395,PAT01131,DOC0066,2025-07-17 11:45,Lab Review,No-show,Back pain,R346,2025-07-05
APT000396,PAT00968,DOC0120,2026-12-31 12:30,Consultation,Scheduled,Diabetes follow-up,R312,2026-11-24
APT000397,PAT00945,DOC0059,2025-09-08 17:15,Telehealth,Completed,Medication refill,R613,2025-07-28
APT000398,PAT00228,DOC0103,2026-09-11 15:15,Consultation,Cancelled,Blood pressure review,R108,2026-07-25
APT000399,PAT00067,DOC0088,2026-11-25 16:45,Lab Review,Scheduled,Lab results review,R528,2026-11-08
APT000400,PAT01101,DOC0016,2026-09-14 09:45,Emergency,Scheduled,Vaccination,R508,2026-07-22
APT000401,PAT00082,DOC0047,2026-02-14 17:45,Consultation,Completed,Medication refill,R250,2025-12-21
APT000402,PAT00538,DOC0098,2026-08-17 10:15,Emergency,Cancelled,Back pain,R246,2026-06-19
APT000403,PAT00498,DOC0102,2026-05-10 12:30,Annual Check-up,Completed,Routine check-up,R811,2026-05-05
APT000404,PAT00939,DOC0116,2026-12-28 17:15,Emergency,Scheduled,Medication refill,R806,2026-11-29
APT000405,PAT00678,DOC0101,2026-04-07 14:30,Lab Review,Completed,Anxiety symptoms,R244,2026-03-28
APT000406,PAT01069,DOC0037,2025-01-27 12:30,Annual Check-up,Completed,Anxiety symptoms,R399,2025-01-07
APT000407,PAT00325,DOC0073,2026-10-12 14:45,Emergency,Cancelled,Ear pain,R259,2026-08-25
APT000408,PAT00264,DOC0019,2026-09-15 14:45,Consultation,Scheduled,Skin rash,R317,2026-08-08
APT000409,PAT00621,DOC0019,2026-08-22 09:30,Annual Check-up,Cancelled,Back pain,R630,2026-07-27
APT000410,PAT00977,DOC0080,2025-06-24 15:15,Emergency,Cancelled,Anxiety symptoms,R636,2025-05-31
APT000411,PAT00775,DOC0111,2026-05-12 11:45,Telehealth,Scheduled,Diabetes follow-up,R115,2026-03-30
APT000412,PAT00133,DOC0044,2025-08-19 14:15,Emergency,Completed,Blood pressure review,R724,2025-06-30
APT000413,PAT00245,DOC0084,2025-07-21 15:45,Annual Check-up,Cancelled,Vaccination,R113,2025-05-28
APT000414,PAT01074,DOC0115,2025-08-22 12:30,Telehealth,Completed,Chest discomfort,R742,2025-08-15
APT000415,PAT00675,DOC0065,2025-03-10 14:00,Telehealth,Completed,Medication refill,R681,2025-02-04
APT000416,PAT00508,DOC0032,2025-09-20 11:15,Annual Check-up,No-show,Blood pressure review,R568,2025-09-08
APT000417,PAT00083,DOC0078,2025-09-30 14:00,Annual Check-up,Completed,Ear pain,R166,2025-08-03
APT000418,PAT00272,DOC0067,2025-11-07 09:15,Vaccination,Completed,Blood pressure review,R880,2025-09-30
APT000419,PAT00978,DOC0060,2025-04-11 09:30,Consultation,No-show,Medication refill,R302,2025-03-11
APT000420,PAT00239,DOC0057,2025-03-27 17:15,Vaccination,Cancelled,Routine check-up,R321,2025-02-16
APT000421,PAT00998,DOC0039,2026-08-06 09:45,Telehealth,Cancelled,Lab results review,R897,2026-06-25
APT000422,PAT00399,DOC0076,2026-10-13 17:00,Emergency,Cancelled,Skin rash,R605,2026-09-02
APT000423,PAT00362,DOC0043,2026-06-04 17:30,Emergency,Completed,Chest discomfort,R645,2026-05-19
APT000424,PAT00699,DOC0036,2026-11-26 14:45,Consultation,Scheduled,Routine check-up,R427,2026-09-29
APT000425,PAT01044,DOC0061,2026-05-23 11:15,Annual Check-up,Scheduled,Routine check-up,R412,2026-05-16
APT000426,PAT00908,DOC0044,2026-10-16 11:15,Follow-up,Scheduled,Medication refill,R415,2026-09-13
APT000427,PAT00626,DOC0041,2026-06-28 17:00,Vaccination,Completed,Chest discomfort,R316,2026-05-22
APT000428,PAT00317,DOC0042,2025-06-10 12:45,Lab Review,Completed,Medication refill,R262,2025-05-01
APT000429,PAT00322,DOC0042,2026-06-13 17:45,Emergency,No-show,Medication refill,R335,2026-04-14
APT000430,PAT00539,DOC0061,2025-11-07 15:15,Annual Check-up,Completed,Skin rash,R463,2025-09-14
APT000431,PAT00646,DOC0058,2025-11-12 16:45,Consultation,Scheduled,Medication refill,R881,2025-10-17
APT000432,PAT00114,DOC0053,2025-12-29 11:45,Consultation,Completed,Medication refill,R822,2025-12-16
APT000433,PAT00428,DOC0085,2025-09-20 14:30,Telehealth,Completed,Fever and cough,R492,2025-08-30
APT000434,PAT01143,DOC0072,2025-07-24 12:45,Consultation,Completed,Lab results review,R177,2025-07-08
APT000435,PAT00329,DOC0042,2026-05-07 17:00,Telehealth,No-show,Medication refill,R805,2026-03-09
APT000436,PAT00998,DOC0032,2025-10-14 16:00,Annual Check-up,Completed,Routine check-up,R451,2025-09-26
APT000437,PAT01102,DOC0048,2026-03-25 14:00,Annual Check-up,Completed,Vaccination,R176,2026-03-04
APT000438,PAT00848,DOC0106,2025-06-05 11:30,Vaccination,Completed,Anxiety symptoms,R191,2025-05-07
APT000439,PAT00503,DOC0042,2026-08-10 14:30,Lab Review,Scheduled,Ear pain,R889,2026-08-05
APT000440,PAT00643,DOC0110,2026-01-05 17:15,Telehealth,Completed,Diabetes follow-up,R334,2025-12-06
APT000441,PAT00742,DOC0043,2025-07-23 14:30,Consultation,No-show,Anxiety symptoms,R244,2025-07-15
APT000442,PAT00842,DOC0055,2026-02-10 17:00,Consultation,Cancelled,Lab results review,R625,2026-01-17
APT000443,PAT00034,DOC0073,2026-03-24 09:30,Telehealth,Cancelled,Medication refill,R390,2026-02-15
APT000444,PAT00684,DOC0082,2025-03-10 10:00,Vaccination,Completed,Pregnancy consultation,R263,2025-01-17
APT000445,PAT01052,DOC0109,2025-03-31 17:15,Lab Review,Completed,Medication refill,R801,2025-03-03
APT000446,PAT00568,DOC0060,2026-04-08 11:30,Annual Check-up,Completed,Routine check-up,R690,2026-03-17
APT000447,PAT00930,DOC0068,2026-12-11 16:00,Consultation,Scheduled,Headache,R739,2026-10-18
APT000448,PAT00799,DOC0003,2025-01-09 12:30,Emergency,Completed,Headache,R329,2024-12-02
APT000449,PAT00669,DOC0069,2026-04-14 12:30,Lab Review,No-show,Joint pain,R691,2026-04-04
APT000450,PAT00387,DOC0099,2025-06-01 12:30,Consultation,Completed,Diabetes follow-up,R647,2025-04-23
APT000451,PAT00081,DOC0100,2025-05-11 15:00,Follow-up,Completed,Back pain,R774,2025-04-27
APT000452,PAT00414,DOC0039,2025-06-17 16:30,Lab Review,Completed,Blood pressure review,R464,2025-06-15
APT000453,PAT00282,DOC0113,2026-03-27 10:45,Lab Review,Scheduled,Fever and cough,R862,2026-01-31
APT000454,PAT00428,DOC0049,2025-02-20 17:45,Follow-up,Completed,Headache,R890,2025-01-26
APT000455,PAT00256,DOC0012,2025-06-29 10:15,Consultation,Completed,Medication refill,R601,2025-05-12
APT000456,PAT00734,DOC0096,2025-11-21 16:15,Lab Review,Completed,Blood pressure review,R620,2025-10-28
APT000457,PAT00979,DOC0033,2026-06-05 10:45,Telehealth,Completed,Fever and cough,R531,2026-05-10
APT000458,PAT00205,DOC0046,2026-01-05 14:00,Emergency,No-show,Headache,R335,2025-11-21
APT000459,PAT00173,DOC0084,2026-10-22 16:45,Annual Check-up,Cancelled,Fever and cough,R432,2026-10-19
APT000460,PAT00289,DOC0109,2025-09-12 11:00,Follow-up,Cancelled,Diabetes follow-up,R244,2025-07-29
APT000461,PAT00963,DOC0098,2025-02-09 09:15,Annual Check-up,No-show,Lab results review,R401,2025-01-16
APT000462,PAT00850,DOC0106,2025-06-11 16:15,Follow-up,Cancelled,Diabetes follow-up,R860,2025-04-20
APT000463,PAT00372,DOC0047,2025-04-23 11:00,Emergency,Completed,Vaccination,R514,2025-03-13
APT000464,PAT00765,DOC0117,2025-09-29 15:00,Emergency,Completed,Medication refill,R130,2025-08-03
APT000465,PAT00964,DOC0005,2025-05-28 16:00,Lab Review,Scheduled,Pregnancy consultation,R713,2025-04-11
APT000466,PAT01076,DOC0022,2025-06-11 10:00,Consultation,Completed,Back pain,R530,2025-06-06
APT000467,PAT00231,DOC0061,2026-04-21 16:45,Lab Review,Cancelled,Diabetes follow-up,R753,2026-04-20
APT000468,PAT00638,DOC0061,2026-04-26 14:15,Vaccination,No-show,Back pain,R475,2026-03-17
APT000469,PAT00198,DOC0062,2026-05-20 12:15,Follow-up,Cancelled,Blood pressure review,R247,2026-05-05
APT000470,PAT00169,DOC0096,2025-04-08 16:30,Consultation,Cancelled,Joint pain,R356,2025-03-24
APT000471,PAT00514,DOC0024,2026-11-07 14:30,Vaccination,Cancelled,Ear pain,R633,2026-10-04
APT000472,PAT01183,DOC0114,2025-10-01 11:30,Annual Check-up,Completed,Headache,R249,2025-08-24
APT000473,PAT00071,DOC0096,2026-01-30 09:15,Follow-up,Completed,Diabetes follow-up,R750,2026-01-27
APT000474,PAT00488,DOC0021,2026-02-11 15:00,Telehealth,Scheduled,Anxiety symptoms,R453,2026-01-29
APT000475,PAT01183,DOC0052,2026-04-08 12:45,Vaccination,Completed,Anxiety symptoms,R551,2026-03-31
APT000476,PAT00573,DOC0084,2026-06-11 15:30,Emergency,Completed,Joint pain,R450,2026-04-20
APT000477,PAT00999,DOC0099,2026-07-17 17:00,Emergency,Cancelled,Chest discomfort,R165,2026-05-27
APT000478,PAT00749,DOC0055,2026-10-20 09:15,Lab Review,Scheduled,Routine check-up,R214,2026-10-12
APT000479,PAT01128,DOC0092,2025-10-30 11:30,Telehealth,Scheduled,Skin rash,R667,2025-10-24
APT000480,PAT01034,DOC0024,2026-02-12 12:15,Follow-up,No-show,Lab results review,R895,2026-02-10
APT000481,PAT00407,DOC0094,2025-12-29 11:00,Emergency,Cancelled,Medication refill,R653,2025-12-14
APT000482,PAT01088,DOC0022,2026-01-19 11:00,Annual Check-up,Completed,Chest discomfort,R750,2025-11-25
APT000483,PAT00464,DOC0108,2025-06-05 16:15,Telehealth,Completed,Skin rash,R404,2025-05-11
APT000484,PAT01069,DOC0054,2026-05-03 17:30,Emergency,No-show,Diabetes follow-up,R101,2026-04-28
APT000485,PAT00515,DOC0091,2026-07-24 14:15,Vaccination,Cancelled,Joint pain,R169,2026-07-20
APT000486,PAT00841,DOC0018,2025-05-28 17:15,Telehealth,Completed,Medication refill,R264,2025-04-16
APT000487,PAT00859,DOC0051,2026-08-29 12:15,Follow-up,Scheduled,Lab results review,R383,2026-08-20
APT000488,PAT00823,DOC0016,2026-08-23 11:15,Emergency,Cancelled,Vaccination,R879,2026-08-02
APT000489,PAT00023,DOC0082,2025-05-01 14:00,Vaccination,No-show,Medication refill,R583,2025-04-16
APT000490,PAT00898,DOC0039,2025-05-08 17:15,Emergency,No-show,Routine check-up,R379,2025-05-05
APT000491,PAT00782,DOC0108,2025-09-19 10:45,Follow-up,Cancelled,Headache,R827,2025-08-05
APT000492,PAT00998,DOC0098,2025-10-26 12:00,Vaccination,No-show,Routine check-up,R714,2025-08-31
APT000493,PAT00743,DOC0031,2026-11-12 17:45,Consultation,Cancelled,Headache,R889,2026-10-25
APT000494,PAT00565,DOC0116,2025-09-15 15:45,Emergency,Completed,Chest discomfort,R186,2025-09-14
APT000495,PAT00208,DOC0092,2026-05-13 12:45,Telehealth,Cancelled,Blood pressure review,R782,2026-04-25
APT000496,PAT00213,DOC0100,2026-12-27 17:45,Telehealth,Cancelled,Anxiety symptoms,R144,2026-11-18
APT000497,PAT00221,DOC0076,2026-10-21 10:00,Vaccination,Scheduled,Routine check-up,R789,2026-09-05
APT000498,PAT00864,DOC0105,2026-02-08 09:30,Lab Review,Scheduled,Chest discomfort,R572,2026-01-02
APT000499,PAT01071,DOC0005,2026-02-13 16:00,Follow-up,Cancelled,Blood pressure review,R125,2026-01-03
APT000500,PAT00674,DOC0013,2025-10-27 16:00,Lab Review,Scheduled,Ear pain,R360,2025-10-04
APT000501,PAT00705,DOC0046,2025-09-12 14:45,Emergency,Completed,Medication refill,R570,2025-07-29
APT000502,PAT00539,DOC0099,2025-06-14 12:30,Lab Review,Scheduled,Ear pain,R457,2025-04-25
APT000503,PAT00353,DOC0109,2026-05-27 10:30,Vaccination,Cancelled,Back pain,R858,2026-04-05
APT000504,PAT00467,DOC0041,2025-11-10 10:00,Emergency,Scheduled,Chest discomfort,R737,2025-10-09
APT000505,PAT00382,DOC0097,2026-01-27 12:30,Telehealth,No-show,Lab results review,R460,2026-01-05
APT000506,PAT00897,DOC0115,2026-01-06 11:15,Consultation,Completed,Back pain,R295,2025-11-29
APT000507,PAT00636,DOC0117,2026-06-03 14:15,Annual Check-up,Cancelled,Headache,R178,2026-05-21
APT000508,PAT00192,DOC0012,2026-12-30 16:30,Vaccination,Scheduled,Diabetes follow-up,R463,2026-12-04
APT000509,PAT00273,DOC0118,2026-01-30 10:30,Consultation,Cancelled,Anxiety symptoms,R432,2026-01-15
APT000510,PAT00907,DOC0106,2025-02-11 12:15,Consultation,Completed,Chest discomfort,R607,2025-01-27
APT000511,PAT00449,DOC0032,2025-08-20 17:15,Emergency,Completed,Diabetes follow-up,R350,2025-08-18
APT000512,PAT00990,DOC0108,2026-03-26 16:15,Lab Review,Completed,Headache,R632,2026-02-16
APT000513,PAT00819,DOC0081,2026-08-13 16:30,Telehealth,Scheduled,Ear pain,R480,2026-07-20
APT000514,PAT00481,DOC0041,2026-07-08 15:00,Lab Review,Scheduled,Ear pain,R820,2026-06-22
APT000515,PAT01103,DOC0075,2025-05-12 10:45,Consultation,Completed,Pregnancy consultation,R719,2025-04-27
APT000516,PAT00714,DOC0092,2026-12-20 12:45,Telehealth,Scheduled,Skin rash,R734,2026-11-21
APT000517,PAT01019,DOC0076,2026-03-23 10:15,Telehealth,Cancelled,Fever and cough,R673,2026-02-09
APT000518,PAT00118,DOC0115,2025-12-22 17:15,Emergency,No-show,Routine check-up,R167,2025-11-05
APT000519,PAT00566,DOC0073,2025-09-16 09:45,Lab Review,No-show,Headache,R237,2025-08-21
APT000520,PAT00441,DOC0085,2026-04-08 14:30,Vaccination,Completed,Back pain,R621,2026-03-12
APT000521,PAT00296,DOC0099,2026-07-07 15:00,Lab Review,Cancelled,Anxiety symptoms,R467,2026-05-30
APT000522,PAT00246,DOC0100,2025-03-14 10:45,Annual Check-up,Completed,Ear pain,R300,2025-02-26
APT000523,PAT00368,DOC0107,2025-07-05 09:45,Emergency,Completed,Ear pain,R192,2025-06-28
APT000524,PAT00827,DOC0074,2026-12-19 16:45,Follow-up,Scheduled,Headache,R452,2026-12-07
APT000525,PAT00197,DOC0040,2025-12-30 11:45,Telehealth,Completed,Joint pain,R193,2025-12-18
APT000526,PAT00534,DOC0052,2025-07-25 12:30,Consultation,No-show,Chest discomfort,R448,2025-06-26
APT000527,PAT00193,DOC0068,2025-09-21 09:00,Annual Check-up,Completed,Pregnancy consultation,R483,2025-09-14
APT000528,PAT00346,DOC0001,2026-06-26 09:00,Emergency,Scheduled,Back pain,R129,2026-05-05
APT000529,PAT01164,DOC0073,2026-01-19 10:15,Vaccination,No-show,Blood pressure review,R611,2026-01-07
APT000530,PAT01097,DOC0028,2025-12-20 10:15,Vaccination,Completed,Anxiety symptoms,R282,2025-10-23
APT000531,PAT00903,DOC0091,2025-07-01 11:45,Consultation,Cancelled,Fever and cough,R651,2025-05-05
APT000532,PAT00247,DOC0104,2025-11-16 14:00,Follow-up,No-show,Back pain,R705,2025-10-13
APT000533,PAT00343,DOC0116,2025-04-13 17:15,Vaccination,Completed,Anxiety symptoms,R446,2025-03-14
APT000534,PAT01123,DOC0107,2026-02-03 17:00,Consultation,Cancelled,Chest discomfort,R447,2026-01-18
APT000535,PAT00749,DOC0019,2025-09-03 17:15,Consultation,Scheduled,Medication refill,R467,2025-08-30
APT000536,PAT00984,DOC0104,2026-11-07 10:00,Vaccination,Scheduled,Chest discomfort,R677,2026-10-01
APT000537,PAT01090,DOC0067,2026-02-08 12:30,Telehealth,Completed,Back pain,R882,2026-01-26
APT000538,PAT00600,DOC0081,2026-03-13 16:45,Telehealth,Completed,Headache,R125,2026-02-09
APT000539,PAT00214,DOC0042,2026-07-29 17:45,Lab Review,Scheduled,Skin rash,R801,2026-06-14
APT000540,PAT00113,DOC0068,2025-02-12 12:00,Annual Check-up,Cancelled,Skin rash,R685,2025-01-08
APT000541,PAT00356,DOC0083,2025-11-18 09:00,Telehealth,Completed,Fever and cough,R293,2025-10-26
APT000542,PAT01102,DOC0007,2026-12-02 16:15,Annual Check-up,Cancelled,Pregnancy consultation,R146,2026-10-04
APT000543,PAT00440,DOC0013,2026-04-14 11:15,Consultation,Completed,Ear pain,R832,2026-03-31
APT000544,PAT01015,DOC0027,2026-08-08 09:00,Annual Check-up,Scheduled,Joint pain,R220,2026-06-09
APT000545,PAT00595,DOC0001,2025-09-04 15:15,Emergency,Completed,Headache,R512,2025-09-01
APT000546,PAT00320,DOC0019,2026-09-06 12:30,Vaccination,Cancelled,Joint pain,R828,2026-07-12
APT000547,PAT00635,DOC0027,2026-11-01 14:45,Lab Review,Scheduled,Ear pain,R524,2026-10-07
APT000548,PAT00570,DOC0108,2025-07-14 17:30,Annual Check-up,Completed,Anxiety symptoms,R810,2025-06-18
APT000549,PAT00086,DOC0090,2026-04-05 11:15,Consultation,No-show,Routine check-up,R219,2026-03-25
APT000550,PAT01001,DOC0009,2025-07-07 15:15,Annual Check-up,Completed,Ear pain,R833,2025-05-08
APT000551,PAT00816,DOC0037,2026-07-04 14:30,Consultation,Scheduled,Lab results review,R880,2026-06-26
APT000552,PAT00809,DOC0106,2025-07-26 10:45,Vaccination,Completed,Blood pressure review,R137,2025-06-25
APT000553,PAT00981,DOC0014,2025-04-25 12:00,Follow-up,Scheduled,Lab results review,R186,2025-03-07
APT000554,PAT00139,DOC0031,2026-03-23 15:45,Telehealth,Completed,Ear pain,R712,2026-02-01
APT000555,PAT00085,DOC0085,2026-05-31 12:15,Consultation,Completed,Ear pain,R683,2026-05-30
APT000556,PAT00313,DOC0044,2025-09-14 11:30,Annual Check-up,Completed,Vaccination,R158,2025-08-19
APT000557,PAT00779,DOC0020,2025-10-26 10:15,Follow-up,No-show,Diabetes follow-up,R444,2025-09-13
APT000558,PAT00899,DOC0004,2026-03-28 10:15,Emergency,Cancelled,Anxiety symptoms,R671,2026-03-17
APT000559,PAT00294,DOC0071,2025-11-22 09:00,Telehealth,Completed,Chest discomfort,R631,2025-10-18
APT000560,PAT00036,DOC0080,2025-06-23 15:30,Consultation,Completed,Fever and cough,R801,2025-06-08
APT000561,PAT00013,DOC0049,2025-01-04 09:45,Consultation,Cancelled,Medication refill,R330,2024-11-16
APT000562,PAT00073,DOC0073,2026-07-13 10:00,Annual Check-up,Cancelled,Chest discomfort,R496,2026-06-24
APT000563,PAT00793,DOC0058,2025-09-01 17:30,Telehealth,No-show,Back pain,R591,2025-07-04
APT000564,PAT00314,DOC0059,2026-07-04 15:15,Annual Check-up,Cancelled,Diabetes follow-up,R279,2026-06-09
APT000565,PAT00527,DOC0113,2025-06-14 15:00,Follow-up,Completed,Headache,R144,2025-05-15
APT000566,PAT00841,DOC0091,2026-07-09 12:45,Follow-up,Scheduled,Diabetes follow-up,R516,2026-06-12
APT000567,PAT00856,DOC0059,2026-04-09 17:45,Emergency,Completed,Vaccination,R434,2026-02-25
APT000568,PAT00817,DOC0018,2026-06-27 12:15,Follow-up,No-show,Blood pressure review,R683,2026-06-14
APT000569,PAT00745,DOC0116,2026-04-20 16:30,Follow-up,Completed,Chest discomfort,R503,2026-04-10
APT000570,PAT00964,DOC0014,2026-07-10 17:30,Consultation,Scheduled,Joint pain,R305,2026-06-26
APT000571,PAT00692,DOC0071,2025-06-10 16:45,Consultation,Scheduled,Diabetes follow-up,R811,2025-05-27
APT000572,PAT00791,DOC0073,2026-11-15 11:30,Lab Review,Cancelled,Ear pain,R260,2026-10-04
APT000573,PAT00824,DOC0074,2025-07-22 11:45,Follow-up,Scheduled,Back pain,R857,2025-07-13
APT000574,PAT00997,DOC0041,2026-09-18 09:00,Consultation,Scheduled,Medication refill,R109,2026-07-21
APT000575,PAT00109,DOC0043,2025-04-03 15:30,Follow-up,No-show,Blood pressure review,R319,2025-03-14
APT000576,PAT00136,DOC0047,2026-10-01 15:45,Follow-up,Cancelled,Vaccination,R397,2026-09-11
APT000577,PAT00208,DOC0103,2026-07-30 11:15,Vaccination,Scheduled,Diabetes follow-up,R734,2026-07-03
APT000578,PAT00325,DOC0072,2026-07-20 17:30,Annual Check-up,Scheduled,Ear pain,R251,2026-05-22
APT000579,PAT00912,DOC0013,2025-02-10 11:45,Telehealth,Scheduled,Vaccination,R275,2024-12-22
APT000580,PAT00041,DOC0076,2026-12-06 15:45,Telehealth,Scheduled,Anxiety symptoms,R121,2026-11-04
APT000581,PAT01161,DOC0045,2025-12-14 10:30,Follow-up,Completed,Routine check-up,R740,2025-11-24
APT000582,PAT00807,DOC0118,2025-06-03 10:15,Emergency,Completed,Chest discomfort,R829,2025-04-13
APT000583,PAT00171,DOC0046,2026-09-10 17:00,Follow-up,Scheduled,Anxiety symptoms,R474,2026-07-17
APT000584,PAT00518,DOC0025,2026-06-10 14:00,Follow-up,Completed,Vaccination,R154,2026-04-29
APT000585,PAT00490,DOC0090,2025-11-10 14:45,Consultation,Completed,Headache,R380,2025-09-23
APT000586,PAT00939,DOC0085,2025-03-24 15:00,Consultation,Cancelled,Diabetes follow-up,R853,2025-02-15
APT000587,PAT00040,DOC0039,2026-01-25 12:45,Consultation,Scheduled,Headache,R812,2025-12-12
APT000588,PAT00554,DOC0090,2026-01-20 15:30,Lab Review,Cancelled,Medication refill,R535,2025-12-24
APT000589,PAT00701,DOC0017,2025-12-21 14:15,Emergency,Completed,Vaccination,R186,2025-10-23
APT000590,PAT00922,DOC0118,2026-11-19 10:30,Consultation,Scheduled,Lab results review,R232,2026-09-28
APT000591,PAT00220,DOC0032,2025-03-18 11:30,Vaccination,Completed,Routine check-up,R343,2025-01-27
APT000592,PAT00179,DOC0111,2025-03-19 09:00,Lab Review,Completed,Ear pain,R733,2025-03-14
APT000593,PAT00320,DOC0075,2026-10-04 17:30,Vaccination,Scheduled,Medication refill,R225,2026-09-30
APT000594,PAT00285,DOC0026,2025-03-25 11:00,Consultation,Completed,Ear pain,R544,2025-02-02
APT000595,PAT00478,DOC0027,2025-02-21 10:45,Vaccination,No-show,Back pain,R298,2025-01-21
APT000596,PAT00405,DOC0091,2026-05-23 11:45,Annual Check-up,No-show,Skin rash,R707,2026-03-28
APT000597,PAT00126,DOC0057,2025-07-09 09:00,Emergency,Completed,Diabetes follow-up,R248,2025-05-13
APT000598,PAT01111,DOC0074,2025-07-13 10:00,Lab Review,Completed,Blood pressure review,R430,2025-05-25
APT000599,PAT00467,DOC0021,2026-02-09 14:45,Emergency,No-show,Pregnancy consultation,R324,2026-01-12
APT000600,PAT00514,DOC0106,2025-12-20 12:00,Emergency,No-show,Chest discomfort,R389,2025-11-01
APT000601,PAT00331,DOC0009,2025-03-05 10:45,Consultation,No-show,Back pain,R735,2025-01-15
APT000602,PAT00881,DOC0011,2026-11-22 17:00,Emergency,Scheduled,Ear pain,R703,2026-10-03
APT000603,PAT00741,DOC0090,2026-11-29 10:30,Emergency,Scheduled,Ear pain,R861,2026-10-08
APT000604,PAT00984,DOC0048,2026-05-27 14:45,Annual Check-up,Cancelled,Back pain,R295,2026-05-12
APT000605,PAT00350,DOC0006,2026-12-09 15:45,Lab Review,Scheduled,Vaccination,R513,2026-11-09
APT000606,PAT00952,DOC0058,2025-06-06 11:45,Lab Review,Completed,Headache,R243,2025-04-16
APT000607,PAT00649,DOC0049,2026-10-10 11:45,Lab Review,Scheduled,Back pain,R778,2026-08-13
APT000608,PAT00354,DOC0020,2026-08-31 11:15,Telehealth,Scheduled,Routine check-up,R254,2026-08-13
APT000609,PAT00691,DOC0026,2025-01-23 17:45,Lab Review,Completed,Diabetes follow-up,R663,2025-01-05
APT000610,PAT00467,DOC0025,2026-05-14 17:45,Telehealth,Completed,Headache,R782,2026-05-10
APT000611,PAT00724,DOC0014,2025-03-10 15:45,Follow-up,Completed,Anxiety symptoms,R341,2025-02-04
APT000612,PAT01013,DOC0103,2025-08-10 16:45,Annual Check-up,Completed,Fever and cough,R263,2025-07-19
APT000613,PAT00637,DOC0088,2026-09-26 16:00,Emergency,Cancelled,Anxiety symptoms,R450,2026-08-10
APT000614,PAT00765,DOC0104,2026-12-07 11:30,Consultation,Scheduled,Anxiety symptoms,R558,2026-11-13
APT000615,PAT00855,DOC0032,2025-08-03 15:15,Annual Check-up,Completed,Joint pain,R588,2025-06-13
APT000616,PAT00575,DOC0072,2025-12-15 15:15,Emergency,Completed,Joint pain,R748,2025-11-08
APT000617,PAT00469,DOC0091,2026-08-31 12:15,Consultation,Scheduled,Vaccination,R421,2026-07-29
APT000618,PAT00196,DOC0050,2025-06-01 15:00,Telehealth,Scheduled,Pregnancy consultation,R718,2025-04-04
APT000619,PAT00545,DOC0009,2026-04-06 16:15,Annual Check-up,Completed,Medication refill,R247,2026-03-13
APT000620,PAT00121,DOC0061,2025-09-10 12:00,Lab Review,Completed,Back pain,R736,2025-08-10
APT000621,PAT01151,DOC0019,2025-10-07 15:45,Vaccination,Cancelled,Back pain,R305,2025-08-15
APT000622,PAT00386,DOC0119,2026-09-04 10:30,Follow-up,Cancelled,Ear pain,R637,2026-07-14
APT000623,PAT01033,DOC0037,2025-09-12 16:45,Emergency,Completed,Ear pain,R368,2025-08-29
APT000624,PAT00296,DOC0038,2025-01-26 09:45,Telehealth,Completed,Routine check-up,R895,2024-11-28
APT000625,PAT00303,DOC0058,2026-10-03 16:15,Consultation,Scheduled,Anxiety symptoms,R381,2026-09-03
APT000626,PAT00566,DOC0026,2026-12-25 17:30,Emergency,Scheduled,Diabetes follow-up,R118,2026-12-17
APT000627,PAT00108,DOC0112,2025-12-01 17:30,Lab Review,Completed,Diabetes follow-up,R838,2025-11-06
APT000628,PAT01127,DOC0004,2026-10-06 16:30,Vaccination,Scheduled,Headache,R879,2026-10-03
APT000629,PAT00580,DOC0042,2026-08-03 09:00,Follow-up,Cancelled,Ear pain,R609,2026-07-29
APT000630,PAT00140,DOC0018,2025-06-05 10:15,Consultation,Completed,Ear pain,R873,2025-05-12
APT000631,PAT00732,DOC0044,2025-03-25 16:30,Telehealth,Completed,Medication refill,R511,2025-02-18
APT000632,PAT00128,DOC0068,2026-03-03 16:15,Lab Review,Completed,Pregnancy consultation,R313,2026-02-02
APT000633,PAT00326,DOC0015,2025-09-25 12:15,Annual Check-up,No-show,Fever and cough,R672,2025-09-23
APT000634,PAT00108,DOC0083,2026-12-16 12:45,Lab Review,Scheduled,Fever and cough,R339,2026-12-06
APT000635,PAT00282,DOC0065,2025-11-24 15:45,Annual Check-up,No-show,Medication refill,R506,2025-11-22
APT000636,PAT01045,DOC0098,2025-10-24 17:00,Annual Check-up,No-show,Chest discomfort,R525,2025-09-18
APT000637,PAT00140,DOC0006,2025-07-24 09:15,Telehealth,Cancelled,Blood pressure review,R108,2025-07-01
APT000638,PAT00166,DOC0075,2026-01-12 11:45,Vaccination,Completed,Blood pressure review,R108,2025-11-14
APT000639,PAT00577,DOC0035,2026-07-24 15:45,Emergency,Cancelled,Diabetes follow-up,R443,2026-07-11
APT000640,PAT00670,DOC0115,2025-09-24 16:00,Telehealth,Completed,Chest discomfort,R130,2025-08-26
APT000641,PAT01049,DOC0099,2026-02-20 12:15,Telehealth,Completed,Routine check-up,R210,2026-01-03
APT000642,PAT00422,DOC0026,2026-08-07 14:15,Emergency,Scheduled,Joint pain,R575,2026-08-03
APT000643,PAT00471,DOC0073,2025-09-16 12:00,Follow-up,Completed,Skin rash,R286,2025-07-22
APT000644,PAT00684,DOC0027,2026-05-27 16:30,Vaccination,Scheduled,Vaccination,R872,2026-05-16
APT000645,PAT01007,DOC0062,2026-07-29 14:15,Consultation,Scheduled,Routine check-up,R132,2026-06-19
APT000646,PAT00103,DOC0110,2025-01-12 14:00,Telehealth,Scheduled,Skin rash,R847,2024-12-06
APT000647,PAT00327,DOC0013,2025-02-24 15:15,Telehealth,Completed,Chest discomfort,R860,2024-12-29
APT000648,PAT00764,DOC0010,2025-10-14 16:00,Consultation,Completed,Skin rash,R410,2025-10-04
APT000649,PAT00539,DOC0059,2025-07-29 10:00,Follow-up,Scheduled,Joint pain,R115,2025-07-21
APT000650,PAT00177,DOC0093,2025-08-29 17:30,Annual Check-up,Completed,Skin rash,R677,2025-07-29
APT000651,PAT00130,DOC0094,2026-12-10 11:15,Telehealth,Cancelled,Routine check-up,R131,2026-12-07
APT000652,PAT01019,DOC0056,2026-04-22 16:15,Consultation,Cancelled,Fever and cough,R773,2026-04-17
APT000653,PAT00576,DOC0091,2025-10-16 17:15,Consultation,Completed,Medication refill,R788,2025-09-28
APT000654,PAT00386,DOC0031,2026-12-08 17:00,Lab Review,Cancelled,Chest discomfort,R546,2026-11-02
APT000655,PAT01001,DOC0102,2025-08-26 09:30,Vaccination,Completed,Back pain,R477,2025-07-27
APT000656,PAT00968,DOC0070,2025-06-17 15:30,Vaccination,Cancelled,Ear pain,R250,2025-05-27
APT000657,PAT00711,DOC0053,2025-06-28 16:30,Lab Review,Completed,Vaccination,R400,2025-06-18
APT000658,PAT01013,DOC0087,2026-07-10 16:30,Emergency,Cancelled,Headache,R241,2026-06-18
APT000659,PAT00735,DOC0083,2026-04-23 17:15,Emergency,Completed,Joint pain,R619,2026-02-23
APT000660,PAT00298,DOC0077,2025-12-16 11:15,Lab Review,Completed,Lab results review,R810,2025-11-20
APT000661,PAT00168,DOC0106,2026-03-06 10:00,Vaccination,Completed,Pregnancy consultation,R105,2026-02-17
APT000662,PAT01128,DOC0086,2025-06-18 12:30,Emergency,Completed,Vaccination,R850,2025-04-25
APT000663,PAT00765,DOC0071,2026-02-09 16:15,Annual Check-up,Completed,Anxiety symptoms,R518,2025-12-26
APT000664,PAT00218,DOC0029,2026-10-18 17:15,Annual Check-up,Scheduled,Lab results review,R101,2026-08-21
APT000665,PAT01034,DOC0103,2025-04-21 17:15,Annual Check-up,Completed,Joint pain,R414,2025-04-05
APT000666,PAT00832,DOC0039,2025-08-03 10:15,Consultation,Completed,Fever and cough,R403,2025-07-26
APT000667,PAT00425,DOC0024,2026-11-28 10:00,Telehealth,Scheduled,Skin rash,R467,2026-10-16
APT000668,PAT00826,DOC0002,2026-12-16 14:30,Emergency,Scheduled,Headache,R539,2026-11-06
APT000669,PAT00980,DOC0082,2026-09-22 09:45,Emergency,Scheduled,Fever and cough,R132,2026-09-05
APT000670,PAT00970,DOC0111,2026-01-28 10:45,Vaccination,Cancelled,Ear pain,R460,2025-12-15
APT000671,PAT01005,DOC0004,2026-01-25 09:45,Telehealth,Completed,Medication refill,R359,2025-12-21
APT000672,PAT00189,DOC0011,2025-09-09 10:45,Emergency,No-show,Headache,R348,2025-08-01
APT000673,PAT00962,DOC0005,2025-11-27 14:45,Telehealth,Cancelled,Blood pressure review,R198,2025-11-26
APT000674,PAT00263,DOC0076,2026-11-23 09:45,Telehealth,Scheduled,Routine check-up,R382,2026-10-09
APT000675,PAT01158,DOC0050,2026-07-03 09:30,Vaccination,Cancelled,Anxiety symptoms,R603,2026-06-21
APT000676,PAT00926,DOC0038,2025-06-16 09:30,Telehealth,Completed,Anxiety symptoms,R213,2025-05-03
APT000677,PAT00318,DOC0108,2025-03-20 12:45,Consultation,Completed,Vaccination,R497,2025-01-29
APT000678,PAT00362,DOC0099,2026-01-21 09:30,Emergency,Completed,Diabetes follow-up,R800,2025-12-14
APT000679,PAT01011,DOC0030,2027-01-01 17:00,Follow-up,Scheduled,Routine check-up,R859,2026-11-23
APT000680,PAT01153,DOC0004,2026-03-25 17:30,Telehealth,No-show,Medication refill,R122,2026-02-07
APT000681,PAT01076,DOC0115,2026-12-12 15:00,Emergency,Scheduled,Headache,R547,2026-11-06
APT000682,PAT00865,DOC0009,2025-03-08 10:30,Emergency,No-show,Joint pain,R587,2025-02-10
APT000683,PAT01039,DOC0118,2025-09-07 11:00,Consultation,Completed,Fever and cough,R685,2025-08-26
APT000684,PAT00403,DOC0058,2026-11-07 15:30,Follow-up,Cancelled,Vaccination,R697,2026-10-11
APT000685,PAT00238,DOC0072,2025-02-10 12:15,Follow-up,Completed,Diabetes follow-up,R865,2024-12-27
APT000686,PAT00801,DOC0002,2026-01-16 09:00,Annual Check-up,Cancelled,Routine check-up,R373,2025-12-09
APT000687,PAT01087,DOC0002,2025-11-07 11:30,Lab Review,Completed,Joint pain,R592,2025-09-16
APT000688,PAT00438,DOC0025,2026-11-11 17:45,Follow-up,Scheduled,Vaccination,R498,2026-10-06
APT000689,PAT01109,DOC0110,2025-03-14 11:15,Follow-up,Cancelled,Lab results review,R879,2025-03-09
APT000690,PAT00979,DOC0066,2025-03-16 11:15,Lab Review,Scheduled,Chest discomfort,R741,2025-02-20
APT000691,PAT00462,DOC0106,2025-09-26 16:00,Consultation,Scheduled,Medication refill,R429,2025-08-07
APT000692,PAT00809,DOC0004,2025-07-17 15:45,Lab Review,Cancelled,Vaccination,R331,2025-05-30
APT000693,PAT00261,DOC0062,2026-09-22 16:15,Emergency,Cancelled,Blood pressure review,R610,2026-08-03
APT000694,PAT00154,DOC0056,2026-09-07 09:45,Annual Check-up,Scheduled,Routine check-up,R896,2026-08-28
APT000695,PAT00082,DOC0048,2025-10-12 16:30,Lab Review,No-show,Vaccination,R450,2025-09-22
APT000696,PAT01097,DOC0078,2025-12-01 14:45,Telehealth,Scheduled,Pregnancy consultation,R876,2025-10-06
APT000697,PAT01148,DOC0119,2026-11-30 11:45,Telehealth,Cancelled,Back pain,R451,2026-10-26
APT000698,PAT01059,DOC0079,2026-10-09 10:30,Lab Review,Scheduled,Chest discomfort,R396,2026-08-31
APT000699,PAT01052,DOC0030,2025-11-17 15:15,Emergency,Completed,Anxiety symptoms,R414,2025-11-04
APT000700,PAT00687,DOC0067,2026-11-24 16:30,Annual Check-up,Scheduled,Skin rash,R775,2026-11-11
APT000701,PAT00286,DOC0103,2026-12-06 14:15,Annual Check-up,Scheduled,Chest discomfort,R656,2026-10-31
APT000702,PAT00658,DOC0027,2026-04-19 11:00,Emergency,No-show,Ear pain,R754,2026-04-03
APT000703,PAT00422,DOC0077,2026-10-11 15:15,Emergency,Scheduled,Joint pain,R352,2026-09-15
APT000704,PAT00992,DOC0092,2025-10-05 17:30,Vaccination,Completed,Diabetes follow-up,R174,2025-09-18
APT000705,PAT00255,DOC0049,2026-07-18 16:00,Telehealth,Scheduled,Routine check-up,R566,2026-05-19
APT000706,PAT01128,DOC0075,2025-10-11 16:15,Telehealth,Completed,Skin rash,R744,2025-09-09
APT000707,PAT00222,DOC0061,2026-03-24 16:30,Follow-up,Completed,Routine check-up,R226,2026-02-28
APT000708,PAT00112,DOC0006,2025-03-13 14:00,Emergency,Cancelled,Pregnancy consultation,R231,2025-01-21
APT000709,PAT00197,DOC0119,2026-12-05 16:15,Consultation,Cancelled,Fever and cough,R111,2026-11-27
APT000710,PAT00692,DOC0080,2025-10-11 14:45,Follow-up,Completed,Blood pressure review,R734,2025-09-02
APT000711,PAT01169,DOC0097,2025-10-01 15:15,Vaccination,Completed,Diabetes follow-up,R699,2025-09-10
APT000712,PAT00451,DOC0022,2026-01-28 12:00,Vaccination,Completed,Diabetes follow-up,R859,2025-12-19
APT000713,PAT00553,DOC0104,2026-05-13 10:00,Follow-up,Scheduled,Blood pressure review,R348,2026-04-13
APT000714,PAT00340,DOC0115,2025-06-27 12:30,Follow-up,Completed,Routine check-up,R788,2025-06-07
APT000715,PAT00892,DOC0075,2026-09-07 16:45,Lab Review,Scheduled,Blood pressure review,R184,2026-08-11
APT000716,PAT00910,DOC0057,2025-06-03 16:45,Lab Review,Cancelled,Fever and cough,R379,2025-05-20
APT000717,PAT01007,DOC0056,2026-06-21 15:30,Vaccination,Scheduled,Fever and cough,R731,2026-05-27
APT000718,PAT00906,DOC0078,2025-07-30 15:15,Vaccination,Completed,Ear pain,R816,2025-06-16
APT000719,PAT00774,DOC0022,2026-02-18 12:15,Telehealth,Completed,Back pain,R381,2026-02-02
APT000720,PAT00596,DOC0116,2025-08-25 16:45,Vaccination,No-show,Fever and cough,R350,2025-07-14
APT000721,PAT00133,DOC0058,2027-01-01 09:45,Telehealth,Scheduled,Anxiety symptoms,R121,2026-11-30
APT000722,PAT00894,DOC0093,2026-04-02 16:00,Emergency,Completed,Headache,R335,2026-03-15
APT000723,PAT00751,DOC0117,2025-09-24 17:15,Lab Review,Completed,Diabetes follow-up,R700,2025-08-13
APT000724,PAT01060,DOC0077,2026-06-28 12:00,Consultation,Completed,Headache,R879,2026-06-13
APT000725,PAT00185,DOC0091,2025-06-12 10:00,Vaccination,Completed,Skin rash,R362,2025-05-14
APT000726,PAT00306,DOC0038,2025-05-26 16:30,Follow-up,Completed,Lab results review,R520,2025-05-06
APT000727,PAT00342,DOC0067,2025-03-10 12:00,Vaccination,Completed,Anxiety symptoms,R771,2025-01-18
APT000728,PAT00361,DOC0037,2026-07-16 17:45,Consultation,Scheduled,Joint pain,R301,2026-06-07
APT000729,PAT00158,DOC0009,2025-04-14 14:15,Lab Review,Completed,Pregnancy consultation,R574,2025-03-09
APT000730,PAT00756,DOC0093,2025-07-03 11:15,Emergency,Completed,Blood pressure review,R276,2025-05-14
APT000731,PAT00558,DOC0066,2025-01-22 09:45,Consultation,Completed,Diabetes follow-up,R581,2025-01-12
APT000732,PAT00271,DOC0031,2026-09-16 15:30,Follow-up,Scheduled,Vaccination,R828,2026-09-08
APT000733,PAT00509,DOC0021,2026-10-18 09:00,Emergency,Scheduled,Headache,R572,2026-09-14
APT000734,PAT01004,DOC0087,2026-02-09 16:45,Emergency,Cancelled,Chest discomfort,R721,2026-01-03
APT000735,PAT00830,DOC0097,2025-09-15 16:15,Follow-up,Scheduled,Pregnancy consultation,R138,2025-09-01
APT000736,PAT00151,DOC0077,2026-01-12 14:00,Telehealth,Scheduled,Anxiety symptoms,R485,2025-12-23
APT000737,PAT00766,DOC0004,2025-11-19 17:15,Follow-up,Completed,Medication refill,R546,2025-09-30
APT000738,PAT00302,DOC0058,2026-08-28 11:30,Consultation,Scheduled,Headache,R333,2026-07-01
APT000739,PAT00900,DOC0033,2026-05-14 16:45,Emergency,Scheduled,Ear pain,R310,2026-04-14
APT000740,PAT00268,DOC0054,2025-02-22 12:15,Consultation,No-show,Joint pain,R403,2025-01-29
APT000741,PAT00109,DOC0045,2026-04-22 16:45,Emergency,Cancelled,Routine check-up,R464,2026-02-28
APT000742,PAT01050,DOC0071,2026-05-04 09:45,Emergency,Completed,Routine check-up,R299,2026-04-14
APT000743,PAT01038,DOC0022,2025-01-12 10:15,Vaccination,No-show,Ear pain,R377,2025-01-08
APT000744,PAT00051,DOC0066,2025-08-12 15:00,Emergency,Scheduled,Vaccination,R728,2025-07-13
APT000745,PAT00711,DOC0080,2025-12-01 14:30,Vaccination,Cancelled,Fever and cough,R227,2025-10-05
APT000746,PAT00898,DOC0098,2026-05-15 16:00,Annual Check-up,Cancelled,Chest discomfort,R867,2026-04-08
APT000747,PAT01037,DOC0009,2025-06-07 16:30,Telehealth,No-show,Chest discomfort,R850,2025-04-21
APT000748,PAT00548,DOC0019,2025-05-26 12:00,Emergency,Scheduled,Anxiety symptoms,R504,2025-05-11
APT000749,PAT00086,DOC0006,2025-11-07 09:15,Vaccination,Scheduled,Blood pressure review,R299,2025-10-11
APT000750,PAT00311,DOC0055,2026-07-15 14:15,Lab Review,Scheduled,Fever and cough,R139,2026-06-28
APT000751,PAT00989,DOC0101,2025-03-09 12:45,Annual Check-up,Completed,Joint pain,R606,2025-03-01
APT000752,PAT00164,DOC0086,2026-04-16 15:30,Emergency,Scheduled,Lab results review,R691,2026-03-11
APT000753,PAT01123,DOC0114,2025-12-05 15:15,Lab Review,No-show,Chest discomfort,R834,2025-10-28
APT000754,PAT01066,DOC0088,2025-10-13 12:15,Telehealth,Completed,Lab results review,R595,2025-09-25
APT000755,PAT00673,DOC0066,2025-11-04 17:45,Emergency,Cancelled,Fever and cough,R364,2025-10-28
APT000756,PAT00304,DOC0072,2025-08-17 12:15,Consultation,Completed,Vaccination,R815,2025-07-13
APT000757,PAT01036,DOC0047,2026-02-27 16:45,Emergency,Completed,Anxiety symptoms,R184,2026-02-11
APT000758,PAT00333,DOC0080,2026-05-08 10:30,Telehealth,Completed,Joint pain,R516,2026-03-16
APT000759,PAT00886,DOC0020,2026-03-01 17:00,Consultation,Completed,Back pain,R416,2026-02-13
APT000760,PAT00997,DOC0113,2026-05-19 16:15,Lab Review,Scheduled,Headache,R341,2026-04-30
APT000761,PAT00499,DOC0079,2025-06-18 15:15,Vaccination,Completed,Anxiety symptoms,R486,2025-04-24
APT000762,PAT00170,DOC0013,2025-03-26 10:00,Telehealth,Cancelled,Diabetes follow-up,R605,2025-01-27
APT000763,PAT00190,DOC0120,2026-12-16 11:00,Consultation,Scheduled,Fever and cough,R237,2026-11-27
APT000764,PAT00752,DOC0087,2026-12-04 15:00,Emergency,Scheduled,Fever and cough,R203,2026-12-01
APT000765,PAT01194,DOC0011,2025-02-10 09:15,Telehealth,Completed,Medication refill,R603,2025-02-03
APT000766,PAT00548,DOC0076,2025-10-26 10:30,Telehealth,Completed,Diabetes follow-up,R721,2025-09-01
APT000767,PAT00533,DOC0021,2026-10-21 10:45,Emergency,Cancelled,Anxiety symptoms,R133,2026-09-25
APT000768,PAT00694,DOC0086,2025-06-16 17:45,Emergency,Cancelled,Back pain,R401,2025-05-05
APT000769,PAT00822,DOC0054,2025-08-29 14:30,Telehealth,Completed,Blood pressure review,R253,2025-07-14
APT000770,PAT00318,DOC0005,2025-03-23 09:00,Telehealth,Completed,Diabetes follow-up,R230,2025-03-13
APT000771,PAT00151,DOC0037,2025-12-07 15:15,Telehealth,Scheduled,Ear pain,R520,2025-11-29
APT000772,PAT01131,DOC0094,2026-08-25 14:15,Consultation,Cancelled,Joint pain,R473,2026-08-14
APT000773,PAT00801,DOC0025,2025-12-20 10:00,Telehealth,Completed,Fever and cough,R292,2025-10-28
APT000774,PAT01020,DOC0060,2026-11-06 16:30,Annual Check-up,Scheduled,Vaccination,R825,2026-10-09
APT000775,PAT00645,DOC0118,2026-08-04 11:00,Telehealth,Scheduled,Lab results review,R196,2026-07-03
APT000776,PAT00686,DOC0019,2025-02-13 11:15,Telehealth,Cancelled,Pregnancy consultation,R385,2024-12-16
APT000777,PAT00415,DOC0093,2025-07-04 16:00,Annual Check-up,Completed,Medication refill,R470,2025-05-19
APT000778,PAT00703,DOC0103,2026-09-22 15:30,Lab Review,Scheduled,Fever and cough,R614,2026-09-09
APT000779,PAT00433,DOC0019,2025-12-07 14:45,Vaccination,Cancelled,Joint pain,R728,2025-10-08
APT000780,PAT00403,DOC0056,2025-02-10 17:30,Consultation,Scheduled,Pregnancy consultation,R392,2025-01-19
APT000781,PAT00037,DOC0053,2026-08-27 10:45,Vaccination,Scheduled,Lab results review,R686,2026-08-12
APT000782,PAT00646,DOC0107,2026-08-29 12:45,Lab Review,Cancelled,Skin rash,R140,2026-07-07
APT000783,PAT00470,DOC0086,2026-08-17 14:45,Follow-up,Cancelled,Skin rash,R142,2026-08-02
APT000784,PAT00921,DOC0031,2026-02-11 09:45,Lab Review,Completed,Fever and cough,R381,2026-01-07
APT000785,PAT01120,DOC0054,2025-01-17 14:00,Follow-up,Cancelled,Vaccination,R647,2024-12-05
APT000786,PAT01132,DOC0037,2025-04-29 12:45,Emergency,No-show,Pregnancy consultation,R282,2025-03-25
APT000787,PAT00411,DOC0002,2026-12-03 16:00,Telehealth,Scheduled,Back pain,R122,2026-11-26
APT000788,PAT00266,DOC0120,2025-09-22 11:30,Telehealth,Completed,Chest discomfort,R266,2025-07-26
APT000789,PAT00874,DOC0027,2025-06-17 15:00,Emergency,Completed,Medication refill,R656,2025-05-03
APT000790,PAT01124,DOC0082,2025-03-12 10:15,Lab Review,Completed,Lab results review,R104,2025-02-24
APT000791,PAT00136,DOC0100,2025-10-04 11:00,Emergency,Scheduled,Medication refill,R225,2025-09-01
APT000792,PAT01095,DOC0060,2026-06-08 10:45,Emergency,Cancelled,Chest discomfort,R186,2026-05-16
APT000793,PAT00189,DOC0046,2025-06-30 16:15,Annual Check-up,Completed,Pregnancy consultation,R119,2025-05-02
APT000794,PAT00177,DOC0009,2025-06-16 11:30,Lab Review,Cancelled,Diabetes follow-up,R807,2025-05-12
APT000795,PAT00398,DOC0062,2026-10-09 15:00,Consultation,Scheduled,Back pain,R625,2026-08-20
APT000796,PAT00825,DOC0028,2025-06-21 12:45,Annual Check-up,Cancelled,Medication refill,R815,2025-06-16
APT000797,PAT00465,DOC0107,2026-11-04 17:45,Emergency,Cancelled,Headache,R304,2026-09-07
APT000798,PAT00086,DOC0005,2026-04-09 12:00,Consultation,Completed,Anxiety symptoms,R781,2026-02-08
APT000799,PAT00763,DOC0084,2025-12-13 16:00,Consultation,Scheduled,Back pain,R238,2025-10-20
APT000800,PAT00197,DOC0077,2026-06-18 10:15,Vaccination,Scheduled,Vaccination,R665,2026-05-02
APT000801,PAT00698,DOC0016,2026-10-02 09:30,Lab Review,Cancelled,Blood pressure review,R536,2026-09-13
APT000802,PAT00080,DOC0110,2025-04-20 09:30,Annual Check-up,Completed,Chest discomfort,R365,2025-02-26
APT000803,PAT00778,DOC0020,2025-10-15 15:45,Emergency,Cancelled,Routine check-up,R177,2025-09-13
APT000804,PAT00632,DOC0095,2025-11-04 16:00,Emergency,Completed,Fever and cough,R290,2025-09-19
APT000805,PAT00191,DOC0112,2025-05-21 10:30,Emergency,Completed,Routine check-up,R887,2025-04-29
APT000806,PAT00652,DOC0114,2025-05-07 11:15,Follow-up,Completed,Anxiety symptoms,R151,2025-04-19
APT000807,PAT00638,DOC0108,2026-07-18 10:30,Emergency,Cancelled,Joint pain,R203,2026-05-21
APT000808,PAT00827,DOC0097,2025-02-11 14:45,Emergency,No-show,Routine check-up,R376,2024-12-25
APT000809,PAT00107,DOC0018,2025-03-12 10:00,Consultation,Scheduled,Routine check-up,R581,2025-01-19
APT000810,PAT00740,DOC0052,2026-07-09 10:30,Lab Review,Cancelled,Diabetes follow-up,R354,2026-07-03
APT000811,PAT00685,DOC0022,2025-07-09 10:00,Annual Check-up,Completed,Vaccination,R826,2025-06-30
APT000812,PAT00347,DOC0095,2026-11-30 12:45,Emergency,Cancelled,Fever and cough,R691,2026-10-10
APT000813,PAT00385,DOC0064,2026-07-15 12:00,Annual Check-up,Cancelled,Headache,R498,2026-07-02
APT000814,PAT01081,DOC0038,2025-12-19 11:45,Vaccination,Scheduled,Anxiety symptoms,R395,2025-12-01
APT000815,PAT00511,DOC0079,2025-05-08 16:30,Telehealth,Cancelled,Chest discomfort,R102,2025-04-30
APT000816,PAT00831,DOC0076,2025-07-15 14:15,Lab Review,Completed,Anxiety symptoms,R757,2025-06-07
APT000817,PAT00246,DOC0086,2025-09-12 11:00,Annual Check-up,Completed,Blood pressure review,R148,2025-07-27
APT000818,PAT00148,DOC0088,2026-02-09 11:15,Vaccination,Completed,Skin rash,R103,2025-12-29
APT000819,PAT00431,DOC0092,2025-04-24 09:45,Follow-up,Completed,Routine check-up,R558,2025-04-14
APT000820,PAT00302,DOC0093,2026-10-26 10:30,Annual Check-up,Scheduled,Back pain,R632,2026-09-12
APT000821,PAT00564,DOC0057,2026-11-11 12:15,Follow-up,Scheduled,Blood pressure review,R782,2026-09-17
APT000822,PAT00498,DOC0063,2026-05-16 14:45,Consultation,Completed,Fever and cough,R544,2026-04-16
APT000823,PAT00325,DOC0008,2025-03-03 17:30,Consultation,Scheduled,Blood pressure review,R395,2025-02-21
APT000824,PAT00581,DOC0036,2025-07-01 16:00,Consultation,Cancelled,Vaccination,R701,2025-06-01
APT000825,PAT00713,DOC0039,2026-10-22 12:45,Lab Review,Scheduled,Blood pressure review,R589,2026-09-27
APT000826,PAT00553,DOC0021,2026-05-07 12:45,Consultation,Completed,Joint pain,R341,2026-03-26
APT000827,PAT00996,DOC0050,2025-08-13 11:00,Emergency,No-show,Skin rash,R635,2025-07-27
APT000828,PAT00203,DOC0035,2026-11-06 14:45,Consultation,Cancelled,Fever and cough,R348,2026-09-09
APT000829,PAT00580,DOC0033,2025-09-08 11:45,Follow-up,Completed,Pregnancy consultation,R121,2025-08-18
APT000830,PAT01135,DOC0054,2026-08-05 15:00,Consultation,Scheduled,Vaccination,R851,2026-07-16
APT000831,PAT00871,DOC0033,2026-12-14 14:15,Lab Review,Cancelled,Chest discomfort,R717,2026-11-07
APT000832,PAT01156,DOC0046,2025-04-09 16:45,Follow-up,Completed,Anxiety symptoms,R433,2025-04-06
APT000833,PAT00689,DOC0046,2026-04-28 12:30,Telehealth,Completed,Vaccination,R676,2026-04-26
APT000834,PAT00157,DOC0014,2026-08-02 11:15,Telehealth,Scheduled,Headache,R523,2026-06-28
APT000835,PAT00149,DOC0014,2026-11-29 17:15,Follow-up,Scheduled,Blood pressure review,R480,2026-11-22
APT000836,PAT00075,DOC0033,2025-01-12 16:00,Vaccination,No-show,Skin rash,R561,2024-11-15
APT000837,PAT00429,DOC0012,2025-12-15 12:00,Lab Review,Completed,Routine check-up,R713,2025-11-10
APT000838,PAT00494,DOC0006,2026-05-03 14:15,Annual Check-up,No-show,Chest discomfort,R107,2026-03-04
APT000839,PAT01003,DOC0105,2025-08-10 16:30,Vaccination,Completed,Routine check-up,R697,2025-07-26
APT000840,PAT01179,DOC0036,2025-01-01 16:30,Lab Review,Completed,Joint pain,R564,2024-11-26
APT000841,PAT00337,DOC0004,2025-04-10 09:30,Lab Review,Completed,Blood pressure review,R261,2025-03-26
APT000842,PAT00093,DOC0094,2025-07-03 12:15,Emergency,Completed,Blood pressure review,R572,2025-06-29
APT000843,PAT00921,DOC0029,2026-09-26 11:00,Follow-up,Cancelled,Routine check-up,R476,2026-08-16
APT000844,PAT00614,DOC0107,2026-12-05 16:15,Telehealth,Scheduled,Ear pain,R488,2026-12-04
APT000845,PAT00351,DOC0048,2025-02-05 11:45,Lab Review,Completed,Routine check-up,R262,2025-01-22
APT000846,PAT00150,DOC0020,2026-03-02 10:45,Lab Review,No-show,Blood pressure review,R271,2026-02-12
APT000847,PAT01066,DOC0092,2026-07-23 15:45,Annual Check-up,Cancelled,Diabetes follow-up,R681,2026-07-09
APT000848,PAT00920,DOC0055,2025-06-26 17:30,Vaccination,Completed,Back pain,R320,2025-04-27
APT000849,PAT00042,DOC0026,2026-02-20 14:45,Telehealth,Cancelled,Medication refill,R194,2025-12-26
APT000850,PAT01191,DOC0015,2026-12-13 11:00,Vaccination,Cancelled,Blood pressure review,R216,2026-11-07
APT000851,PAT00982,DOC0051,2026-10-28 11:00,Follow-up,Cancelled,Pregnancy consultation,R230,2026-10-12
APT000852,PAT00104,DOC0066,2026-09-14 10:15,Emergency,Scheduled,Pregnancy consultation,R638,2026-08-10
APT000853,PAT00192,DOC0034,2025-09-25 15:15,Consultation,Completed,Lab results review,R538,2025-08-24
APT000854,PAT00421,DOC0018,2025-08-14 10:15,Consultation,Scheduled,Anxiety symptoms,R533,2025-06-28
APT000855,PAT01120,DOC0011,2025-11-26 17:15,Lab Review,Completed,Chest discomfort,R446,2025-11-24
APT000856,PAT00068,DOC0098,2025-01-12 09:00,Consultation,No-show,Lab results review,R186,2024-12-22
APT000857,PAT00338,DOC0097,2026-10-15 10:00,Lab Review,Scheduled,Ear pain,R201,2026-09-16
APT000858,PAT01104,DOC0083,2026-01-16 09:00,Emergency,Completed,Ear pain,R421,2025-12-22
APT000859,PAT00236,DOC0102,2026-06-01 14:30,Consultation,Completed,Skin rash,R659,2026-04-09
APT000860,PAT00303,DOC0077,2026-11-16 17:30,Follow-up,Scheduled,Vaccination,R280,2026-09-24
APT000861,PAT00592,DOC0065,2026-09-29 09:30,Vaccination,Scheduled,Headache,R546,2026-08-30
APT000862,PAT00054,DOC0006,2026-09-06 09:00,Telehealth,Scheduled,Chest discomfort,R454,2026-07-27
APT000863,PAT00700,DOC0012,2026-01-06 14:15,Vaccination,Scheduled,Headache,R226,2025-12-21
APT000864,PAT00846,DOC0020,2025-10-03 12:30,Consultation,No-show,Back pain,R475,2025-09-13
APT000865,PAT00349,DOC0101,2026-08-14 16:00,Annual Check-up,Scheduled,Pregnancy consultation,R582,2026-08-10
APT000866,PAT00833,DOC0027,2025-09-04 16:45,Lab Review,Completed,Anxiety symptoms,R118,2025-07-16
APT000867,PAT01077,DOC0024,2025-05-09 10:00,Consultation,Completed,Skin rash,R502,2025-04-22
APT000868,PAT01083,DOC0016,2026-07-24 09:30,Lab Review,Scheduled,Chest discomfort,R760,2026-07-12
APT000869,PAT01122,DOC0061,2026-05-26 12:15,Lab Review,No-show,Headache,R293,2026-04-22
APT000870,PAT00132,DOC0052,2025-10-02 12:15,Follow-up,Completed,Chest discomfort,R814,2025-09-06
APT000871,PAT00605,DOC0093,2025-06-24 14:45,Consultation,Completed,Skin rash,R349,2025-04-28
APT000872,PAT00860,DOC0097,2025-05-14 15:45,Emergency,Completed,Blood pressure review,R897,2025-04-27
APT000873,PAT00169,DOC0060,2025-02-11 16:30,Follow-up,Scheduled,Chest discomfort,R464,2024-12-24
APT000874,PAT00766,DOC0097,2025-10-25 09:15,Annual Check-up,Completed,Headache,R792,2025-10-01
APT000875,PAT00697,DOC0070,2026-12-01 11:30,Annual Check-up,Scheduled,Blood pressure review,R187,2026-10-31
APT000876,PAT00773,DOC0040,2026-02-26 14:30,Lab Review,Cancelled,Pregnancy consultation,R644,2026-01-24
APT000877,PAT00047,DOC0099,2025-08-20 10:30,Annual Check-up,Cancelled,Blood pressure review,R613,2025-07-17
APT000878,PAT00366,DOC0107,2025-10-10 15:15,Lab Review,Cancelled,Vaccination,R814,2025-10-06
APT000879,PAT00697,DOC0005,2025-10-24 09:30,Follow-up,Completed,Blood pressure review,R314,2025-09-05
APT000880,PAT00728,DOC0025,2026-06-23 14:30,Consultation,No-show,Joint pain,R505,2026-05-07
APT000881,PAT00455,DOC0104,2025-05-25 10:00,Vaccination,No-show,Routine check-up,R566,2025-04-21
APT000882,PAT00956,DOC0093,2025-05-07 09:15,Consultation,Cancelled,Blood pressure review,R747,2025-03-24
APT000883,PAT00406,DOC0064,2025-08-10 11:45,Follow-up,Completed,Chest discomfort,R141,2025-06-14
APT000884,PAT00833,DOC0110,2025-02-05 10:00,Lab Review,Cancelled,Joint pain,R618,2025-01-04
APT000885,PAT00671,DOC0050,2025-04-08 17:45,Annual Check-up,Cancelled,Medication refill,R638,2025-02-09
APT000886,PAT00018,DOC0002,2025-07-09 12:00,Vaccination,Completed,Medication refill,R210,2025-06-17
APT000887,PAT00850,DOC0015,2026-07-17 11:00,Emergency,Scheduled,Blood pressure review,R584,2026-06-06
APT000888,PAT01019,DOC0034,2025-10-18 10:45,Vaccination,Completed,Joint pain,R797,2025-10-04
APT000889,PAT00803,DOC0048,2026-09-17 15:15,Emergency,Scheduled,Joint pain,R719,2026-09-12
APT000890,PAT00253,DOC0112,2026-06-23 14:00,Follow-up,Completed,Pregnancy consultation,R337,2026-05-28
APT000891,PAT01086,DOC0062,2025-12-18 09:15,Follow-up,Scheduled,Medication refill,R275,2025-10-26
APT000892,PAT00323,DOC0028,2026-09-14 11:00,Emergency,Scheduled,Blood pressure review,R446,2026-08-18
APT000893,PAT00158,DOC0012,2025-09-19 09:30,Vaccination,Cancelled,Diabetes follow-up,R518,2025-08-02
APT000894,PAT00088,DOC0107,2026-01-11 09:30,Telehealth,Scheduled,Blood pressure review,R539,2025-12-14
APT000895,PAT00095,DOC0067,2026-12-12 10:00,Lab Review,Scheduled,Ear pain,R119,2026-12-09
APT000896,PAT00396,DOC0112,2025-02-26 12:30,Vaccination,Scheduled,Headache,R191,2025-01-04
APT000897,PAT00056,DOC0050,2025-06-07 17:00,Follow-up,No-show,Back pain,R203,2025-05-26
APT000898,PAT00448,DOC0033,2025-12-15 15:00,Vaccination,Scheduled,Lab results review,R664,2025-12-03
APT000899,PAT00894,DOC0074,2025-04-22 17:45,Annual Check-up,Cancelled,Headache,R247,2025-03-13
APT000900,PAT00432,DOC0068,2025-09-28 14:00,Emergency,Completed,Routine check-up,R668,2025-09-27
APT000901,PAT01081,DOC0058,2025-07-18 15:30,Lab Review,Scheduled,Blood pressure review,R784,2025-05-20
APT000902,PAT01127,DOC0095,2026-06-26 11:45,Follow-up,Completed,Fever and cough,R761,2026-06-02
APT000903,PAT00255,DOC0007,2025-04-15 15:45,Consultation,No-show,Ear pain,R721,2025-02-21
APT000904,PAT00098,DOC0065,2026-01-13 10:30,Follow-up,Cancelled,Skin rash,R117,2025-11-28
APT000905,PAT00928,DOC0033,2026-08-20 11:45,Vaccination,Cancelled,Medication refill,R739,2026-07-10
APT000906,PAT00862,DOC0099,2026-10-02 16:30,Vaccination,Cancelled,Lab results review,R878,2026-08-24
APT000907,PAT00935,DOC0012,2026-06-19 14:15,Vaccination,Completed,Pregnancy consultation,R494,2026-05-09
APT000908,PAT01165,DOC0032,2025-05-31 15:00,Lab Review,Completed,Skin rash,R613,2025-04-04
APT000909,PAT00635,DOC0073,2026-09-26 12:15,Follow-up,Scheduled,Joint pain,R329,2026-09-07
APT000910,PAT00290,DOC0100,2026-03-17 16:00,Annual Check-up,Cancelled,Headache,R124,2026-02-09
APT000911,PAT00969,DOC0020,2026-02-12 10:45,Consultation,Scheduled,Medication refill,R758,2026-01-14
APT000912,PAT00357,DOC0096,2025-08-10 14:15,Follow-up,Cancelled,Pregnancy consultation,R434,2025-06-28
APT000913,PAT00741,DOC0084,2025-09-07 11:00,Lab Review,Completed,Lab results review,R104,2025-07-11
APT000914,PAT00706,DOC0053,2026-11-11 10:15,Vaccination,Cancelled,Joint pain,R545,2026-10-20
APT000915,PAT00062,DOC0071,2025-05-31 16:30,Follow-up,No-show,Pregnancy consultation,R545,2025-04-18
APT000916,PAT00545,DOC0012,2026-07-18 16:45,Consultation,Cancelled,Back pain,R322,2026-07-17
APT000917,PAT01151,DOC0062,2026-03-13 10:15,Lab Review,Completed,Medication refill,R642,2026-02-20
APT000918,PAT01171,DOC0044,2025-05-04 14:15,Telehealth,Completed,Medication refill,R655,2025-04-24
APT000919,PAT00493,DOC0076,2025-11-15 14:00,Lab Review,Completed,Lab results review,R269,2025-10-15
APT000920,PAT00459,DOC0001,2025-01-07 16:45,Consultation,Scheduled,Joint pain,R157,2024-12-30
APT000921,PAT00793,DOC0065,2025-07-26 10:00,Lab Review,Completed,Chest discomfort,R727,2025-07-04
APT000922,PAT00053,DOC0007,2025-03-09 16:00,Emergency,No-show,Anxiety symptoms,R183,2025-02-18
APT000923,PAT00150,DOC0110,2025-11-26 09:45,Lab Review,Completed,Headache,R745,2025-10-23
APT000924,PAT00402,DOC0112,2026-08-20 17:45,Annual Check-up,Scheduled,Chest discomfort,R478,2026-08-05
APT000925,PAT00574,DOC0035,2025-01-18 17:45,Emergency,Cancelled,Vaccination,R501,2025-01-07
APT000926,PAT00120,DOC0092,2026-04-05 11:45,Annual Check-up,Scheduled,Medication refill,R234,2026-02-25
APT000927,PAT00281,DOC0045,2025-01-20 10:45,Lab Review,No-show,Ear pain,R586,2024-11-21
APT000928,PAT00788,DOC0119,2025-02-18 11:00,Consultation,Completed,Medication refill,R507,2024-12-20
APT000929,PAT01074,DOC0087,2026-07-01 14:00,Telehealth,Scheduled,Blood pressure review,R338,2026-06-25
APT000930,PAT00272,DOC0120,2025-11-18 15:15,Telehealth,Completed,Blood pressure review,R212,2025-10-19
APT000931,PAT01116,DOC0119,2025-03-23 17:00,Annual Check-up,Completed,Blood pressure review,R205,2025-03-17
APT000932,PAT00335,DOC0001,2026-01-24 10:15,Follow-up,Scheduled,Medication refill,R626,2025-12-12
APT000933,PAT00651,DOC0017,2026-04-24 17:30,Follow-up,Completed,Headache,R324,2026-03-26
APT000934,PAT00153,DOC0115,2026-11-15 14:30,Annual Check-up,Scheduled,Skin rash,R273,2026-09-20
APT000935,PAT01186,DOC0042,2025-02-18 11:45,Consultation,Cancelled,Skin rash,R197,2025-01-21
APT000936,PAT00565,DOC0037,2025-02-24 12:45,Emergency,No-show,Blood pressure review,R205,2025-01-29
APT000937,PAT00964,DOC0069,2025-04-21 11:45,Annual Check-up,Scheduled,Ear pain,R626,2025-04-10
APT000938,PAT00383,DOC0010,2025-01-15 11:00,Lab Review,Scheduled,Joint pain,R704,2024-12-11
APT000939,PAT00374,DOC0014,2026-10-06 12:30,Vaccination,Scheduled,Pregnancy consultation,R660,2026-09-14
APT000940,PAT01007,DOC0101,2026-12-05 17:15,Lab Review,Scheduled,Medication refill,R653,2026-11-19
APT000941,PAT00236,DOC0109,2026-06-12 11:30,Emergency,Completed,Headache,R335,2026-05-06
APT000942,PAT00921,DOC0095,2025-01-24 17:45,Consultation,No-show,Headache,R565,2024-12-24
APT000943,PAT00126,DOC0052,2026-05-24 12:45,Lab Review,Completed,Pregnancy consultation,R116,2026-04-30
APT000944,PAT00005,DOC0049,2026-07-08 11:00,Follow-up,Scheduled,Chest discomfort,R745,2026-06-15
APT000945,PAT00672,DOC0087,2025-06-13 10:45,Emergency,No-show,Chest discomfort,R116,2025-04-24
APT000946,PAT00687,DOC0070,2026-04-04 10:30,Follow-up,Cancelled,Headache,R851,2026-03-30
APT000947,PAT01071,DOC0084,2025-06-28 10:15,Telehealth,Cancelled,Back pain,R568,2025-05-10
APT000948,PAT00081,DOC0072,2026-08-28 14:15,Vaccination,Cancelled,Headache,R396,2026-07-08
APT000949,PAT01120,DOC0112,2025-01-17 11:15,Lab Review,Completed,Joint pain,R439,2024-11-26
APT000950,PAT00070,DOC0078,2026-12-10 12:45,Annual Check-up,Cancelled,Ear pain,R357,2026-11-07
APT000951,PAT00598,DOC0083,2025-05-14 14:30,Vaccination,No-show,Lab results review,R625,2025-04-08
APT000952,PAT00136,DOC0083,2025-03-28 14:30,Vaccination,No-show,Vaccination,R620,2025-02-26
APT000953,PAT00074,DOC0089,2026-11-02 17:00,Vaccination,Scheduled,Back pain,R512,2026-10-04
APT000954,PAT00800,DOC0062,2025-07-20 11:00,Telehealth,Cancelled,Joint pain,R382,2025-06-25
APT000955,PAT00160,DOC0079,2025-03-07 17:45,Telehealth,Cancelled,Anxiety symptoms,R494,2025-01-31
APT000956,PAT00308,DOC0110,2026-10-01 16:45,Emergency,Scheduled,Ear pain,R629,2026-08-25
APT000957,PAT00402,DOC0064,2025-02-09 15:00,Follow-up,No-show,Headache,R799,2024-12-30
APT000958,PAT00487,DOC0048,2025-02-23 14:00,Lab Review,Completed,Chest discomfort,R500,2025-01-29
APT000959,PAT00680,DOC0088,2026-04-13 09:00,Follow-up,Completed,Chest discomfort,R387,2026-02-14
APT000960,PAT01110,DOC0023,2025-12-17 15:30,Vaccination,Completed,Skin rash,R503,2025-11-17
APT000961,PAT00808,DOC0026,2025-05-24 15:30,Follow-up,No-show,Diabetes follow-up,R750,2025-05-15
APT000962,PAT01091,DOC0095,2026-08-13 14:45,Vaccination,Scheduled,Lab results review,R687,2026-06-14
APT000963,PAT00212,DOC0044,2026-02-19 11:30,Annual Check-up,No-show,Routine check-up,R436,2026-02-07
APT000964,PAT01092,DOC0098,2025-12-12 17:15,Telehealth,Completed,Joint pain,R272,2025-11-05
APT000965,PAT00352,DOC0052,2026-08-27 12:15,Lab Review,Cancelled,Back pain,R803,2026-08-03
APT000966,PAT00210,DOC0029,2026-06-01 10:45,Consultation,Completed,Back pain,R762,2026-04-30
APT000967,PAT01063,DOC0034,2026-01-31 15:00,Lab Review,Completed,Anxiety symptoms,R600,2025-12-12
APT000968,PAT00589,DOC0106,2025-09-25 12:00,Annual Check-up,Completed,Blood pressure review,R739,2025-09-17
APT000969,PAT01050,DOC0106,2026-08-14 10:00,Telehealth,Cancelled,Joint pain,R269,2026-08-10
APT000970,PAT00408,DOC0067,2026-12-23 15:15,Lab Review,Scheduled,Skin rash,R473,2026-12-09
APT000971,PAT00808,DOC0040,2025-04-01 15:30,Emergency,Completed,Vaccination,R436,2025-03-19
APT000972,PAT00220,DOC0028,2025-06-27 15:15,Telehealth,Scheduled,Lab results review,R846,2025-05-03
APT000973,PAT01075,DOC0013,2025-09-01 16:45,Consultation,Completed,Lab results review,R117,2025-07-23
APT000974,PAT00545,DOC0109,2025-06-03 10:30,Consultation,Completed,Medication refill,R895,2025-05-11
APT000975,PAT00364,DOC0059,2026-01-28 10:45,Vaccination,Completed,Pregnancy consultation,R851,2025-12-05
APT000976,PAT00270,DOC0097,2026-05-05 09:30,Follow-up,Completed,Back pain,R627,2026-04-01
APT000977,PAT01143,DOC0110,2025-12-23 16:15,Emergency,Completed,Joint pain,R671,2025-11-01
APT000978,PAT00877,DOC0054,2025-03-01 15:45,Vaccination,Scheduled,Medication refill,R553,2025-02-11
APT000979,PAT00612,DOC0111,2025-06-21 11:45,Vaccination,Completed,Ear pain,R446,2025-05-04
APT000980,PAT00573,DOC0070,2026-10-10 15:45,Lab Review,Cancelled,Back pain,R729,2026-09-21
APT000981,PAT00365,DOC0065,2025-05-12 14:00,Telehealth,No-show,Routine check-up,R441,2025-05-10
APT000982,PAT00279,DOC0120,2025-01-07 09:00,Emergency,Completed,Diabetes follow-up,R755,2024-12-23
APT000983,PAT00476,DOC0010,2025-08-31 11:00,Lab Review,Completed,Medication refill,R425,2025-08-26
APT000984,PAT00427,DOC0001,2025-11-28 15:45,Follow-up,Cancelled,Fever and cough,R749,2025-10-18
APT000985,PAT00872,DOC0072,2025-07-06 10:30,Lab Review,Completed,Skin rash,R633,2025-06-02
APT000986,PAT00785,DOC0050,2026-08-24 17:15,Telehealth,Scheduled,Vaccination,R560,2026-06-27
APT000987,PAT00904,DOC0093,2025-10-27 16:15,Follow-up,Completed,Ear pain,R476,2025-09-02
APT000988,PAT01056,DOC0095,2026-12-22 11:30,Vaccination,Scheduled,Skin rash,R324,2026-10-31
APT000989,PAT00355,DOC0091,2026-07-11 10:15,Follow-up,Scheduled,Blood pressure review,R722,2026-07-01
APT000990,PAT00015,DOC0081,2025-11-09 10:00,Consultation,No-show,Headache,R193,2025-10-06
APT000991,PAT00502,DOC0054,2025-09-26 17:15,Vaccination,No-show,Blood pressure review,R575,2025-09-03
APT000992,PAT00050,DOC0069,2025-06-19 17:45,Consultation,No-show,Pregnancy consultation,R782,2025-05-20
APT000993,PAT00363,DOC0101,2025-07-05 15:45,Emergency,Completed,Vaccination,R865,2025-06-11
APT000994,PAT01152,DOC0081,2025-09-30 17:15,Lab Review,Completed,Headache,R685,2025-09-27
APT000995,PAT00667,DOC0019,2026-09-26 10:45,Follow-up,Cancelled,Headache,R848,2026-09-19
APT000996,PAT00804,DOC0007,2026-07-17 11:45,Follow-up,Scheduled,Routine check-up,R165,2026-06-17
APT000997,PAT00441,DOC0026,2026-03-30 12:15,Emergency,Completed,Lab results review,R287,2026-03-18
APT000998,PAT00318,DOC0074,2026-08-04 12:45,Annual Check-up,Scheduled,Joint pain,R538,2026-06-13
APT000999,PAT00670,DOC0085,2026-08-23 10:30,Follow-up,Cancelled,Blood pressure review,R343,2026-06-26
APT001000,PAT00342,DOC0042,2026-10-31 15:15,Follow-up,Cancelled,Medication refill,R428,2026-09-25
APT001001,PAT00631,DOC0035,2026-03-04 10:45,Telehealth,No-show,Ear pain,R855,2026-01-15
APT001002,PAT01010,DOC0029,2025-06-15 16:30,Vaccination,Completed,Blood pressure review,R441,2025-05-29
APT001003,PAT00520,DOC0074,2026-05-26 10:15,Vaccination,Scheduled,Joint pain,R697,2026-04-27
APT001004,PAT00006,DOC0024,2026-08-08 11:45,Emergency,Scheduled,Routine check-up,R353,2026-06-26
APT001005,PAT00960,DOC0098,2026-06-24 17:00,Annual Check-up,Scheduled,Blood pressure review,R435,2026-06-15
APT001006,PAT01187,DOC0072,2026-06-16 12:15,Lab Review,Completed,Diabetes follow-up,R792,2026-04-28
APT001007,PAT00202,DOC0018,2026-01-09 16:00,Follow-up,Completed,Pregnancy consultation,R139,2025-11-13
APT001008,PAT00092,DOC0034,2026-07-22 17:45,Lab Review,Cancelled,Pregnancy consultation,R683,2026-06-23
APT001009,PAT00716,DOC0088,2025-08-04 15:30,Annual Check-up,Completed,Diabetes follow-up,R648,2025-07-09
APT001010,PAT00125,DOC0103,2025-02-11 12:00,Follow-up,Completed,Skin rash,R498,2024-12-31
APT001011,PAT00168,DOC0105,2026-08-10 15:00,Lab Review,Scheduled,Vaccination,R267,2026-07-27
APT001012,PAT01169,DOC0116,2025-04-06 09:15,Follow-up,Cancelled,Chest discomfort,R898,2025-02-05
APT001013,PAT00714,DOC0085,2025-01-25 10:30,Emergency,Scheduled,Blood pressure review,R770,2024-11-30
APT001014,PAT01048,DOC0025,2025-02-28 12:00,Telehealth,Scheduled,Anxiety symptoms,R185,2025-02-14
APT001015,PAT01024,DOC0012,2026-09-16 10:15,Follow-up,Cancelled,Headache,R850,2026-09-06
APT001016,PAT00237,DOC0027,2025-06-11 10:45,Lab Review,Scheduled,Headache,R777,2025-06-02
APT001017,PAT00110,DOC0015,2026-09-13 10:00,Consultation,Scheduled,Routine check-up,R233,2026-07-16
APT001018,PAT00371,DOC0006,2025-05-04 09:45,Emergency,No-show,Diabetes follow-up,R778,2025-03-17
APT001019,PAT01084,DOC0098,2026-03-25 12:15,Annual Check-up,Cancelled,Joint pain,R848,2026-03-11
APT001020,PAT00076,DOC0038,2026-08-09 12:45,Vaccination,Scheduled,Headache,R114,2026-06-27
APT001021,PAT00367,DOC0059,2026-10-29 14:00,Consultation,Scheduled,Diabetes follow-up,R193,2026-10-10
APT001022,PAT00047,DOC0102,2026-07-26 16:15,Vaccination,Scheduled,Joint pain,R781,2026-07-05
APT001023,PAT00276,DOC0020,2026-09-03 14:45,Follow-up,Cancelled,Diabetes follow-up,R818,2026-07-10
APT001024,PAT00752,DOC0045,2026-01-25 10:00,Annual Check-up,Completed,Medication refill,R783,2025-12-19
APT001025,PAT00708,DOC0017,2026-12-13 17:00,Telehealth,Scheduled,Medication refill,R222,2026-12-03
APT001026,PAT00565,DOC0025,2026-03-11 15:30,Telehealth,Completed,Pregnancy consultation,R415,2026-01-21
APT001027,PAT00267,DOC0028,2025-01-28 14:00,Lab Review,No-show,Joint pain,R260,2025-01-26
APT001028,PAT00289,DOC0062,2025-02-25 16:00,Follow-up,Cancelled,Back pain,R591,2025-02-10
APT001029,PAT01142,DOC0064,2025-10-12 09:15,Consultation,Cancelled,Anxiety symptoms,R554,2025-08-26
APT001030,PAT00175,DOC0056,2026-03-13 09:45,Follow-up,Completed,Blood pressure review,R389,2026-02-07
APT001031,PAT00220,DOC0044,2025-11-24 14:15,Annual Check-up,No-show,Lab results review,R758,2025-11-23
APT001032,PAT00455,DOC0090,2026-12-29 14:00,Consultation,Scheduled,Blood pressure review,R731,2026-12-05
APT001033,PAT00831,DOC0064,2026-08-01 17:30,Consultation,Cancelled,Headache,R480,2026-07-03
APT001034,PAT00713,DOC0048,2025-10-19 16:15,Telehealth,Completed,Blood pressure review,R209,2025-10-10
APT001035,PAT00515,DOC0060,2026-03-21 09:00,Consultation,Cancelled,Fever and cough,R888,2026-03-13
APT001036,PAT01054,DOC0016,2025-02-09 12:00,Lab Review,No-show,Medication refill,R523,2025-01-04
APT001037,PAT00471,DOC0013,2026-04-06 16:30,Telehealth,Completed,Medication refill,R266,2026-03-09
APT001038,PAT01058,DOC0006,2026-07-12 09:00,Emergency,Cancelled,Medication refill,R559,2026-07-05
APT001039,PAT00304,DOC0076,2025-02-01 10:30,Telehealth,Completed,Ear pain,R187,2025-01-19
APT001040,PAT01042,DOC0006,2026-02-23 17:00,Telehealth,Completed,Blood pressure review,R830,2026-02-08
APT001041,PAT00681,DOC0011,2025-02-18 14:30,Telehealth,Completed,Pregnancy consultation,R408,2025-02-05
APT001042,PAT00821,DOC0023,2025-04-27 12:00,Telehealth,Cancelled,Fever and cough,R287,2025-04-04
APT001043,PAT01089,DOC0111,2026-06-25 15:45,Telehealth,No-show,Headache,R711,2026-06-08
APT001044,PAT01017,DOC0004,2025-07-29 10:00,Annual Check-up,Completed,Back pain,R896,2025-07-16
APT001045,PAT00825,DOC0021,2026-03-27 14:45,Telehealth,Scheduled,Joint pain,R253,2026-03-21
APT001046,PAT00724,DOC0075,2025-03-07 12:15,Consultation,Scheduled,Ear pain,R133,2025-03-03
APT001047,PAT00545,DOC0052,2026-03-01 16:00,Annual Check-up,Completed,Skin rash,R704,2026-02-27
APT001048,PAT00139,DOC0102,2025-04-30 09:45,Annual Check-up,Scheduled,Anxiety symptoms,R579,2025-04-22
APT001049,PAT00517,DOC0005,2025-01-21 14:15,Consultation,Cancelled,Pregnancy consultation,R833,2024-12-15
APT001050,PAT00553,DOC0074,2025-01-04 15:15,Consultation,No-show,Chest discomfort,R425,2024-11-14
APT001051,PAT00353,DOC0006,2025-09-19 09:30,Lab Review,Cancelled,Chest discomfort,R609,2025-07-21
APT001052,PAT00809,DOC0101,2026-09-13 17:15,Telehealth,Scheduled,Chest discomfort,R705,2026-08-15
APT001053,PAT00247,DOC0105,2026-03-01 16:30,Telehealth,Scheduled,Routine check-up,R202,2026-02-19
APT001054,PAT00443,DOC0063,2025-10-21 09:45,Emergency,Cancelled,Vaccination,R355,2025-10-06
APT001055,PAT00357,DOC0098,2025-11-27 16:15,Annual Check-up,No-show,Blood pressure review,R628,2025-10-15
APT001056,PAT00593,DOC0075,2026-08-06 10:45,Annual Check-up,Scheduled,Medication refill,R371,2026-07-26
APT001057,PAT00883,DOC0109,2026-11-08 11:00,Vaccination,Scheduled,Blood pressure review,R572,2026-09-16
APT001058,PAT01108,DOC0109,2025-06-25 10:00,Lab Review,Completed,Headache,R263,2025-05-13
APT001059,PAT00057,DOC0081,2026-11-08 14:00,Follow-up,Scheduled,Lab results review,R479,2026-09-25
APT001060,PAT01171,DOC0066,2026-09-02 17:15,Telehealth,Scheduled,Joint pain,R123,2026-07-17
APT001061,PAT01101,DOC0065,2026-10-03 14:00,Telehealth,Cancelled,Lab results review,R367,2026-09-13
APT001062,PAT01096,DOC0018,2025-06-14 10:45,Vaccination,Completed,Joint pain,R626,2025-04-27
APT001063,PAT00478,DOC0074,2026-03-27 15:45,Vaccination,Completed,Joint pain,R277,2026-03-23
APT001064,PAT00053,DOC0034,2026-07-08 09:45,Annual Check-up,Scheduled,Vaccination,R196,2026-05-15
APT001065,PAT00369,DOC0108,2025-07-13 16:00,Telehealth,Cancelled,Skin rash,R194,2025-05-25
APT001066,PAT00173,DOC0120,2025-06-11 17:30,Vaccination,Completed,Medication refill,R787,2025-05-14
APT001067,PAT01147,DOC0116,2026-06-01 11:45,Vaccination,Scheduled,Ear pain,R787,2026-04-02
APT001068,PAT00978,DOC0086,2026-10-13 09:30,Follow-up,Scheduled,Fever and cough,R831,2026-10-05
APT001069,PAT00530,DOC0116,2025-04-01 16:00,Consultation,Scheduled,Back pain,R607,2025-02-02
APT001070,PAT01131,DOC0083,2025-09-12 11:45,Lab Review,No-show,Skin rash,R808,2025-08-07
APT001071,PAT01144,DOC0029,2025-12-08 16:30,Vaccination,Scheduled,Routine check-up,R775,2025-10-26
APT001072,PAT00816,DOC0024,2025-10-27 09:45,Emergency,No-show,Ear pain,R725,2025-10-02
APT001073,PAT00786,DOC0070,2025-09-12 14:45,Telehealth,Completed,Fever and cough,R624,2025-08-23
APT001074,PAT00311,DOC0009,2026-03-31 09:15,Consultation,Completed,Pregnancy consultation,R496,2026-03-21
APT001075,PAT00328,DOC0120,2025-12-31 12:45,Vaccination,Cancelled,Skin rash,R229,2025-12-30
APT001076,PAT01030,DOC0074,2025-08-16 14:45,Vaccination,No-show,Pregnancy consultation,R334,2025-07-07
APT001077,PAT00085,DOC0113,2026-03-23 11:30,Follow-up,Scheduled,Headache,R871,2026-02-17
APT001078,PAT00912,DOC0078,2026-08-13 10:45,Consultation,Scheduled,Fever and cough,R408,2026-08-08
APT001079,PAT00440,DOC0107,2025-04-26 12:30,Annual Check-up,Cancelled,Chest discomfort,R268,2025-03-04
APT001080,PAT00419,DOC0092,2026-02-22 10:15,Annual Check-up,Scheduled,Blood pressure review,R518,2025-12-26
APT001081,PAT00001,DOC0044,2025-07-11 12:00,Emergency,Completed,Joint pain,R670,2025-06-08
APT001082,PAT00194,DOC0052,2025-12-07 09:15,Lab Review,Completed,Back pain,R410,2025-11-05
APT001083,PAT00297,DOC0034,2025-05-08 10:45,Consultation,No-show,Back pain,R298,2025-03-24
APT001084,PAT00593,DOC0036,2025-01-29 16:45,Telehealth,Completed,Lab results review,R874,2024-12-12
APT001085,PAT00992,DOC0115,2025-03-08 11:30,Vaccination,Cancelled,Anxiety symptoms,R872,2025-02-01
APT001086,PAT00086,DOC0070,2026-07-09 09:45,Consultation,Scheduled,Vaccination,R379,2026-07-03
APT001087,PAT00907,DOC0035,2026-02-28 10:15,Vaccination,Completed,Lab results review,R290,2025-12-31
APT001088,PAT00808,DOC0081,2026-01-21 14:45,Vaccination,No-show,Anxiety symptoms,R733,2025-11-30
APT001089,PAT00510,DOC0090,2026-08-19 16:45,Vaccination,Scheduled,Skin rash,R420,2026-07-05
APT001090,PAT00185,DOC0042,2025-12-15 14:30,Consultation,No-show,Medication refill,R214,2025-12-07
APT001091,PAT00277,DOC0093,2026-09-06 11:00,Emergency,Scheduled,Lab results review,R353,2026-07-23
APT001092,PAT00782,DOC0114,2026-12-13 09:30,Consultation,Scheduled,Routine check-up,R533,2026-10-30
APT001093,PAT00127,DOC0030,2026-09-03 16:15,Telehealth,Scheduled,Headache,R827,2026-07-23
APT001094,PAT00258,DOC0013,2026-06-12 14:30,Consultation,Cancelled,Back pain,R489,2026-05-11
APT001095,PAT00016,DOC0007,2025-01-26 14:15,Vaccination,Cancelled,Skin rash,R357,2025-01-14
APT001096,PAT00097,DOC0038,2026-01-21 16:30,Lab Review,No-show,Medication refill,R671,2025-12-12
APT001097,PAT00891,DOC0056,2026-05-25 16:00,Emergency,Scheduled,Back pain,R266,2026-05-24
APT001098,PAT00637,DOC0041,2026-03-10 15:45,Emergency,Scheduled,Medication refill,R651,2026-01-11
APT001099,PAT00060,DOC0074,2026-04-07 14:30,Lab Review,Completed,Blood pressure review,R619,2026-02-14
APT001100,PAT00060,DOC0055,2025-05-14 12:30,Telehealth,Scheduled,Skin rash,R234,2025-03-20
APT001101,PAT00378,DOC0099,2026-03-05 15:30,Telehealth,Completed,Fever and cough,R748,2026-02-11
APT001102,PAT00711,DOC0030,2025-02-24 09:45,Consultation,Completed,Diabetes follow-up,R280,2025-02-14
APT001103,PAT00603,DOC0024,2026-04-08 16:45,Telehealth,No-show,Ear pain,R419,2026-03-13
APT001104,PAT00276,DOC0098,2025-11-20 10:45,Consultation,Completed,Fever and cough,R282,2025-11-02
APT001105,PAT00205,DOC0012,2026-01-17 14:45,Lab Review,Completed,Fever and cough,R650,2026-01-16
APT001106,PAT00222,DOC0061,2026-08-26 16:45,Follow-up,Cancelled,Ear pain,R301,2026-07-01
APT001107,PAT00163,DOC0023,2026-08-15 15:45,Telehealth,Scheduled,Joint pain,R239,2026-06-30
APT001108,PAT00837,DOC0102,2025-09-27 11:45,Annual Check-up,Completed,Routine check-up,R214,2025-07-30
APT001109,PAT00338,DOC0007,2025-07-28 14:15,Emergency,Scheduled,Ear pain,R334,2025-06-30
APT001110,PAT00709,DOC0090,2026-08-26 16:00,Lab Review,Scheduled,Vaccination,R751,2026-08-15
APT001111,PAT00755,DOC0034,2026-06-11 11:30,Annual Check-up,Completed,Diabetes follow-up,R671,2026-04-27
APT001112,PAT00477,DOC0065,2025-11-29 14:30,Consultation,Completed,Medication refill,R133,2025-10-16
APT001113,PAT00880,DOC0033,2025-11-09 15:30,Emergency,Scheduled,Chest discomfort,R858,2025-10-30
APT001114,PAT00404,DOC0109,2025-03-20 10:15,Annual Check-up,Completed,Blood pressure review,R559,2025-03-01
APT001115,PAT01101,DOC0079,2026-05-19 10:45,Lab Review,Scheduled,Vaccination,R312,2026-05-03
APT001116,PAT00602,DOC0083,2026-10-19 11:45,Lab Review,Scheduled,Diabetes follow-up,R669,2026-09-14
APT001117,PAT00778,DOC0088,2025-06-23 10:45,Consultation,No-show,Back pain,R771,2025-05-19
APT001118,PAT00125,DOC0103,2025-03-10 16:15,Emergency,Completed,Lab results review,R437,2025-01-23
APT001119,PAT00399,DOC0005,2026-01-31 12:30,Vaccination,Cancelled,Ear pain,R249,2026-01-13
APT001120,PAT00470,DOC0043,2025-08-24 14:00,Lab Review,No-show,Fever and cough,R750,2025-07-07
APT001121,PAT00213,DOC0066,2025-03-12 16:45,Emergency,Cancelled,Vaccination,R627,2025-01-13
APT001122,PAT00138,DOC0108,2026-03-12 15:15,Emergency,Completed,Skin rash,R787,2026-02-16
APT001123,PAT00536,DOC0034,2026-03-14 09:15,Emergency,Cancelled,Lab results review,R805,2026-03-09
APT001124,PAT00974,DOC0078,2026-09-27 12:45,Consultation,Scheduled,Ear pain,R758,2026-08-14
APT001125,PAT00657,DOC0031,2026-10-22 10:15,Vaccination,Cancelled,Pregnancy consultation,R777,2026-10-05
APT001126,PAT01104,DOC0095,2026-01-31 16:15,Vaccination,No-show,Joint pain,R163,2026-01-11
APT001127,PAT00645,DOC0062,2026-08-16 11:45,Annual Check-up,Scheduled,Routine check-up,R241,2026-07-30
APT001128,PAT00772,DOC0030,2025-02-07 10:45,Follow-up,Completed,Ear pain,R375,2025-01-29
APT001129,PAT00418,DOC0107,2026-07-25 12:45,Follow-up,Scheduled,Diabetes follow-up,R682,2026-06-04
APT001130,PAT00212,DOC0020,2025-04-26 17:00,Vaccination,Completed,Headache,R316,2025-04-14
APT001131,PAT01059,DOC0111,2026-06-12 09:15,Consultation,Completed,Diabetes follow-up,R146,2026-04-20
APT001132,PAT00240,DOC0002,2025-07-09 12:15,Consultation,Completed,Joint pain,R165,2025-05-25
APT001133,PAT01070,DOC0050,2026-04-18 16:45,Consultation,Completed,Routine check-up,R621,2026-02-23
APT001134,PAT01144,DOC0118,2026-11-24 17:45,Consultation,Cancelled,Routine check-up,R403,2026-11-11
APT001135,PAT00764,DOC0050,2025-04-06 14:00,Follow-up,No-show,Joint pain,R667,2025-03-18
APT001136,PAT00654,DOC0084,2025-09-07 10:00,Emergency,Scheduled,Medication refill,R532,2025-07-18
APT001137,PAT01128,DOC0083,2025-05-22 12:30,Lab Review,Scheduled,Skin rash,R703,2025-05-01
APT001138,PAT00201,DOC0005,2025-01-04 12:00,Follow-up,Scheduled,Vaccination,R104,2024-12-11
APT001139,PAT00572,DOC0043,2026-08-26 16:45,Consultation,Scheduled,Lab results review,R806,2026-08-23
APT001140,PAT00893,DOC0056,2026-11-16 16:45,Consultation,Scheduled,Skin rash,R763,2026-10-21
APT001141,PAT00760,DOC0039,2025-03-30 10:15,Lab Review,Completed,Skin rash,R558,2025-02-23
APT001142,PAT00664,DOC0013,2026-02-13 14:45,Vaccination,Cancelled,Fever and cough,R116,2026-01-20
APT001143,PAT01151,DOC0098,2025-07-19 16:45,Emergency,Completed,Pregnancy consultation,R668,2025-07-09
APT001144,PAT00774,DOC0069,2026-08-05 16:15,Lab Review,Scheduled,Headache,R116,2026-07-02
APT001145,PAT00480,DOC0070,2026-03-20 10:45,Annual Check-up,No-show,Pregnancy consultation,R757,2026-02-16
APT001146,PAT00149,DOC0047,2025-02-01 15:45,Telehealth,Completed,Diabetes follow-up,R180,2024-12-26
APT001147,PAT00931,DOC0115,2026-01-22 09:15,Consultation,Completed,Diabetes follow-up,R236,2025-12-25
APT001148,PAT00735,DOC0059,2026-10-09 11:45,Vaccination,Scheduled,Fever and cough,R106,2026-08-21
APT001149,PAT01171,DOC0048,2025-05-23 10:45,Vaccination,Completed,Back pain,R422,2025-05-15
APT001150,PAT00944,DOC0063,2026-04-13 14:00,Follow-up,No-show,Chest discomfort,R600,2026-03-25
APT001151,PAT00789,DOC0078,2025-07-09 10:00,Lab Review,No-show,Pregnancy consultation,R761,2025-06-03
APT001152,PAT00297,DOC0036,2025-04-05 16:15,Follow-up,Completed,Headache,R267,2025-03-26
APT001153,PAT00978,DOC0043,2026-06-09 10:45,Emergency,No-show,Fever and cough,R839,2026-04-23
APT001154,PAT00751,DOC0035,2025-05-16 10:30,Emergency,Completed,Chest discomfort,R598,2025-03-23
APT001155,PAT00093,DOC0041,2026-03-22 11:00,Follow-up,Cancelled,Lab results review,R230,2026-01-26
APT001156,PAT00752,DOC0064,2025-01-01 09:00,Telehealth,No-show,Routine check-up,R325,2024-11-02
APT001157,PAT00701,DOC0053,2025-10-09 09:45,Lab Review,Completed,Diabetes follow-up,R240,2025-09-21
APT001158,PAT00963,DOC0023,2026-05-31 11:30,Lab Review,No-show,Joint pain,R387,2026-05-30
APT001159,PAT00120,DOC0012,2026-05-13 11:15,Annual Check-up,Completed,Ear pain,R564,2026-04-27
APT001160,PAT00185,DOC0018,2026-03-06 10:45,Lab Review,Cancelled,Joint pain,R891,2026-02-10
APT001161,PAT00013,DOC0062,2025-03-09 09:30,Annual Check-up,No-show,Pregnancy consultation,R872,2025-03-05
APT001162,PAT00188,DOC0015,2026-08-12 15:00,Lab Review,Scheduled,Anxiety symptoms,R212,2026-06-20
APT001163,PAT00177,DOC0041,2025-07-10 16:00,Annual Check-up,Completed,Ear pain,R472,2025-06-25
APT001164,PAT00903,DOC0007,2026-08-07 11:15,Consultation,Scheduled,Fever and cough,R541,2026-06-30
APT001165,PAT00643,DOC0088,2025-01-16 09:45,Lab Review,No-show,Skin rash,R770,2025-01-10
APT001166,PAT01033,DOC0074,2025-11-16 15:30,Follow-up,No-show,Blood pressure review,R682,2025-10-13
APT001167,PAT00960,DOC0053,2026-08-31 12:45,Emergency,Cancelled,Back pain,R386,2026-07-31
APT001168,PAT00237,DOC0053,2025-04-01 11:45,Lab Review,Completed,Blood pressure review,R652,2025-03-26
APT001169,PAT00437,DOC0116,2025-03-14 09:30,Follow-up,Completed,Back pain,R461,2025-01-23
APT001170,PAT01150,DOC0085,2026-09-18 16:15,Telehealth,Scheduled,Chest discomfort,R404,2026-09-04
APT001171,PAT00738,DOC0057,2025-09-20 12:30,Telehealth,Completed,Lab results review,R643,2025-09-16
APT001172,PAT00831,DOC0111,2025-10-07 16:00,Telehealth,Scheduled,Ear pain,R299,2025-08-30
APT001173,PAT01123,DOC0029,2025-09-15 14:15,Follow-up,Completed,Pregnancy consultation,R426,2025-07-25
APT001174,PAT00467,DOC0049,2026-10-08 14:45,Consultation,Cancelled,Joint pain,R439,2026-09-16
APT001175,PAT00109,DOC0058,2026-03-31 14:00,Telehealth,Completed,Headache,R735,2026-03-09
APT001176,PAT00722,DOC0011,2026-01-08 16:15,Follow-up,Cancelled,Blood pressure review,R847,2025-11-16
APT001177,PAT00020,DOC0077,2025-02-04 15:30,Telehealth,Completed,Routine check-up,R745,2024-12-21
APT001178,PAT00634,DOC0094,2025-01-29 10:15,Consultation,Completed,Routine check-up,R574,2024-12-10
APT001179,PAT01040,DOC0050,2025-04-08 09:15,Annual Check-up,Completed,Back pain,R556,2025-02-23
APT001180,PAT00797,DOC0007,2026-12-05 11:15,Annual Check-up,Scheduled,Chest discomfort,R736,2026-11-11
APT001181,PAT00479,DOC0041,2025-10-02 10:15,Annual Check-up,Completed,Fever and cough,R239,2025-09-20
APT001182,PAT00897,DOC0116,2025-11-18 15:00,Lab Review,Completed,Fever and cough,R528,2025-09-30
APT001183,PAT00104,DOC0011,2025-11-24 10:30,Follow-up,No-show,Blood pressure review,R456,2025-10-03
APT001184,PAT00532,DOC0057,2026-10-11 15:00,Lab Review,Scheduled,Vaccination,R605,2026-10-04
APT001185,PAT00908,DOC0091,2025-07-15 11:45,Consultation,Cancelled,Anxiety symptoms,R463,2025-05-30
APT001186,PAT00750,DOC0083,2025-01-29 12:00,Telehealth,Completed,Fever and cough,R395,2024-12-16
APT001187,PAT00443,DOC0039,2025-01-13 12:00,Emergency,Completed,Fever and cough,R230,2025-01-10
APT001188,PAT00440,DOC0055,2025-02-16 14:00,Emergency,Cancelled,Routine check-up,R742,2025-01-07
APT001189,PAT00193,DOC0029,2026-11-01 15:15,Lab Review,Scheduled,Pregnancy consultation,R869,2026-10-16
APT001190,PAT00766,DOC0088,2026-08-04 15:15,Consultation,Scheduled,Fever and cough,R135,2026-07-31
APT001191,PAT00835,DOC0063,2026-08-07 09:00,Lab Review,Scheduled,Headache,R661,2026-08-03
APT001192,PAT00151,DOC0070,2026-02-01 17:45,Lab Review,Completed,Skin rash,R813,2025-12-05
APT001193,PAT00495,DOC0062,2026-05-28 14:15,Annual Check-up,Completed,Ear pain,R299,2026-04-21
APT001194,PAT00592,DOC0040,2026-08-18 15:15,Telehealth,Scheduled,Fever and cough,R570,2026-07-24
APT001195,PAT00322,DOC0043,2025-12-02 09:15,Emergency,No-show,Diabetes follow-up,R112,2025-11-27
APT001196,PAT01011,DOC0028,2026-01-24 15:30,Follow-up,Scheduled,Diabetes follow-up,R393,2026-01-17
APT001197,PAT00941,DOC0069,2025-09-18 11:00,Annual Check-up,Completed,Chest discomfort,R687,2025-08-04
APT001198,PAT00307,DOC0029,2025-08-15 14:30,Consultation,Completed,Lab results review,R116,2025-06-28
APT001199,PAT00066,DOC0074,2025-02-10 16:00,Consultation,Completed,Back pain,R753,2024-12-23
APT001200,PAT01108,DOC0072,2026-02-28 14:15,Consultation,Completed,Fever and cough,R191,2026-02-03
APT001201,PAT00805,DOC0057,2025-08-14 11:00,Emergency,No-show,Skin rash,R568,2025-07-23
APT001202,PAT01153,DOC0072,2026-07-11 17:30,Consultation,Scheduled,Lab results review,R276,2026-06-03
APT001203,PAT00868,DOC0040,2025-06-21 16:00,Telehealth,Completed,Blood pressure review,R788,2025-04-30
APT001204,PAT00367,DOC0103,2025-01-09 11:45,Vaccination,Completed,Back pain,R292,2025-01-04
APT001205,PAT00524,DOC0060,2026-04-20 09:15,Consultation,Scheduled,Fever and cough,R194,2026-02-27
APT001206,PAT00706,DOC0108,2025-06-15 12:00,Telehealth,Completed,Diabetes follow-up,R818,2025-06-04
APT001207,PAT00203,DOC0083,2026-09-15 11:00,Vaccination,Scheduled,Back pain,R687,2026-07-18
APT001208,PAT01002,DOC0093,2025-01-05 15:00,Lab Review,Completed,Headache,R215,2024-12-03
APT001209,PAT00895,DOC0028,2026-07-03 15:30,Annual Check-up,Scheduled,Pregnancy consultation,R703,2026-05-07
APT001210,PAT00641,DOC0073,2026-04-20 17:15,Consultation,No-show,Ear pain,R491,2026-03-15
APT001211,PAT01059,DOC0006,2026-12-27 09:30,Vaccination,Scheduled,Joint pain,R884,2026-11-05
APT001212,PAT00443,DOC0009,2026-07-15 16:15,Follow-up,Scheduled,Pregnancy consultation,R622,2026-06-27
APT001213,PAT00680,DOC0113,2025-11-15 09:00,Follow-up,Completed,Pregnancy consultation,R840,2025-09-27
APT001214,PAT00977,DOC0021,2025-01-02 09:15,Vaccination,Completed,Pregnancy consultation,R402,2024-11-28
APT001215,PAT00262,DOC0081,2025-08-23 11:15,Consultation,Completed,Fever and cough,R385,2025-08-05
APT001216,PAT00998,DOC0036,2026-11-02 12:15,Annual Check-up,Cancelled,Joint pain,R213,2026-10-28
APT001217,PAT00864,DOC0047,2026-08-15 12:00,Annual Check-up,Cancelled,Chest discomfort,R853,2026-08-14
APT001218,PAT00262,DOC0005,2026-10-12 12:00,Follow-up,Cancelled,Skin rash,R325,2026-08-18
APT001219,PAT00269,DOC0017,2026-03-26 17:30,Annual Check-up,Completed,Lab results review,R206,2026-03-10
APT001220,PAT00764,DOC0092,2025-07-18 09:15,Telehealth,Completed,Pregnancy consultation,R444,2025-05-22
APT001221,PAT00097,DOC0053,2025-09-17 16:15,Lab Review,No-show,Fever and cough,R159,2025-08-25
APT001222,PAT00473,DOC0120,2026-03-27 17:45,Vaccination,Scheduled,Back pain,R199,2026-02-15
APT001223,PAT01101,DOC0029,2025-05-16 10:00,Vaccination,Completed,Chest discomfort,R192,2025-04-19
APT001224,PAT00152,DOC0061,2025-11-02 16:00,Vaccination,Completed,Lab results review,R868,2025-09-29
APT001225,PAT00447,DOC0016,2025-01-30 14:15,Vaccination,No-show,Lab results review,R383,2025-01-25
APT001226,PAT00793,DOC0051,2025-06-16 11:00,Consultation,Completed,Medication refill,R530,2025-05-15
APT001227,PAT00029,DOC0065,2025-02-27 15:45,Lab Review,Completed,Pregnancy consultation,R528,2025-01-04
APT001228,PAT00806,DOC0059,2025-02-11 16:15,Follow-up,Scheduled,Ear pain,R187,2025-01-05
APT001229,PAT01049,DOC0103,2026-02-08 15:30,Vaccination,Completed,Fever and cough,R394,2025-12-20
APT001230,PAT00522,DOC0039,2026-11-03 09:45,Annual Check-up,Scheduled,Headache,R414,2026-09-25
APT001231,PAT00387,DOC0092,2025-08-19 16:30,Annual Check-up,Completed,Fever and cough,R720,2025-07-25
APT001232,PAT00343,DOC0059,2025-07-14 11:15,Telehealth,Completed,Headache,R221,2025-07-08
APT001233,PAT00606,DOC0019,2025-09-19 12:45,Lab Review,Completed,Chest discomfort,R857,2025-08-28
APT001234,PAT01137,DOC0090,2025-11-25 14:15,Vaccination,No-show,Routine check-up,R626,2025-10-15
APT001235,PAT00081,DOC0069,2026-05-20 10:45,Follow-up,No-show,Diabetes follow-up,R842,2026-04-30
APT001236,PAT00174,DOC0085,2026-09-08 16:30,Emergency,Cancelled,Blood pressure review,R346,2026-07-13
APT001237,PAT00275,DOC0093,2025-10-16 17:15,Annual Check-up,Completed,Joint pain,R159,2025-09-22
APT001238,PAT01089,DOC0031,2025-08-19 12:30,Lab Review,Completed,Blood pressure review,R807,2025-08-03
APT001239,PAT00159,DOC0011,2026-12-25 15:45,Annual Check-up,Scheduled,Headache,R374,2026-12-01
APT001240,PAT00957,DOC0100,2026-02-04 14:45,Telehealth,Scheduled,Back pain,R701,2025-12-20
APT001241,PAT00550,DOC0093,2026-10-13 15:15,Emergency,Scheduled,Back pain,R678,2026-09-12
APT001242,PAT00555,DOC0051,2026-01-31 16:00,Emergency,Completed,Headache,R230,2026-01-25
APT001243,PAT00363,DOC0044,2025-10-20 15:00,Consultation,No-show,Pregnancy consultation,R687,2025-09-28
APT001244,PAT00628,DOC0066,2025-03-31 15:15,Vaccination,Scheduled,Medication refill,R247,2025-03-10
APT001245,PAT00761,DOC0074,2026-01-26 16:30,Follow-up,Scheduled,Lab results review,R216,2025-12-02
APT001246,PAT00491,DOC0002,2026-04-10 14:15,Lab Review,Completed,Blood pressure review,R835,2026-03-03
APT001247,PAT00244,DOC0035,2025-07-05 16:00,Consultation,Completed,Joint pain,R784,2025-06-18
APT001248,PAT01116,DOC0075,2025-07-20 12:15,Emergency,Completed,Headache,R896,2025-06-29
APT001249,PAT00633,DOC0028,2025-02-27 17:45,Lab Review,No-show,Blood pressure review,R569,2025-02-12
APT001250,PAT00214,DOC0117,2026-11-29 09:00,Annual Check-up,Cancelled,Pregnancy consultation,R225,2026-10-28
APT001251,PAT01088,DOC0106,2025-12-31 11:15,Consultation,Completed,Joint pain,R478,2025-11-14
APT001252,PAT01125,DOC0058,2025-04-05 14:30,Emergency,Completed,Diabetes follow-up,R774,2025-03-18
APT001253,PAT00361,DOC0056,2026-06-02 17:30,Annual Check-up,No-show,Skin rash,R796,2026-05-01
APT001254,PAT00100,DOC0015,2026-05-25 12:15,Lab Review,No-show,Lab results review,R793,2026-05-23
APT001255,PAT01084,DOC0053,2025-12-16 11:15,Telehealth,Scheduled,Joint pain,R564,2025-12-07
APT001256,PAT01183,DOC0056,2026-02-14 15:45,Telehealth,Completed,Blood pressure review,R104,2026-02-06
APT001257,PAT00571,DOC0117,2025-03-05 09:30,Lab Review,Completed,Lab results review,R550,2025-01-04
APT001258,PAT01100,DOC0009,2025-01-26 15:30,Annual Check-up,Cancelled,Chest discomfort,R147,2025-01-23
APT001259,PAT00052,DOC0118,2025-06-05 17:15,Consultation,Completed,Ear pain,R417,2025-05-24
APT001260,PAT00655,DOC0060,2026-11-10 12:00,Emergency,Cancelled,Headache,R333,2026-10-04
APT001261,PAT00253,DOC0099,2025-08-11 16:00,Consultation,Completed,Vaccination,R304,2025-08-03
APT001262,PAT00406,DOC0049,2026-09-30 15:30,Lab Review,Cancelled,Ear pain,R501,2026-09-18
APT001263,PAT00055,DOC0077,2026-10-23 11:45,Follow-up,Scheduled,Medication refill,R837,2026-09-29
APT001264,PAT00722,DOC0106,2026-11-07 12:15,Annual Check-up,Scheduled,Diabetes follow-up,R810,2026-09-18
APT001265,PAT00907,DOC0030,2026-12-18 12:15,Lab Review,Scheduled,Fever and cough,R586,2026-11-03
APT001266,PAT00455,DOC0101,2025-12-29 12:15,Telehealth,Scheduled,Blood pressure review,R190,2025-11-26
APT001267,PAT00717,DOC0005,2026-04-26 16:00,Vaccination,Completed,Joint pain,R571,2026-04-23
APT001268,PAT01048,DOC0024,2026-02-03 17:00,Lab Review,Cancelled,Medication refill,R263,2025-12-11
APT001269,PAT00410,DOC0049,2025-02-09 10:00,Follow-up,Completed,Vaccination,R506,2025-02-02
APT001270,PAT00726,DOC0083,2026-07-21 12:15,Annual Check-up,Scheduled,Ear pain,R746,2026-06-23
APT001271,PAT00537,DOC0069,2025-09-22 16:45,Telehealth,Completed,Blood pressure review,R872,2025-09-05
APT001272,PAT00269,DOC0019,2025-08-03 12:15,Annual Check-up,Completed,Diabetes follow-up,R621,2025-08-01
APT001273,PAT00218,DOC0097,2026-09-15 14:30,Annual Check-up,Cancelled,Diabetes follow-up,R859,2026-08-09
APT001274,PAT00316,DOC0092,2026-11-12 11:15,Consultation,Scheduled,Ear pain,R487,2026-10-31
APT001275,PAT00692,DOC0028,2026-01-16 09:45,Lab Review,No-show,Blood pressure review,R840,2025-12-16
APT001276,PAT00502,DOC0009,2026-10-26 10:00,Lab Review,Cancelled,Skin rash,R604,2026-10-08
APT001277,PAT00215,DOC0106,2025-08-30 09:45,Follow-up,Completed,Chest discomfort,R673,2025-08-10
APT001278,PAT00250,DOC0084,2026-07-30 15:15,Follow-up,Scheduled,Fever and cough,R894,2026-07-05
APT001279,PAT00358,DOC0052,2026-11-08 09:30,Vaccination,Scheduled,Chest discomfort,R838,2026-10-08
APT001280,PAT00749,DOC0050,2025-03-06 15:30,Consultation,Scheduled,Medication refill,R471,2025-02-13
APT001281,PAT00515,DOC0073,2025-03-16 11:00,Telehealth,Completed,Back pain,R838,2025-02-26
APT001282,PAT00148,DOC0010,2026-08-03 15:30,Vaccination,Scheduled,Headache,R787,2026-07-28
APT001283,PAT01181,DOC0093,2026-01-20 12:30,Telehealth,Cancelled,Vaccination,R467,2025-11-29
APT001284,PAT00379,DOC0008,2026-05-04 09:15,Follow-up,Completed,Fever and cough,R546,2026-04-23
APT001285,PAT00031,DOC0010,2026-09-30 17:00,Consultation,Cancelled,Diabetes follow-up,R254,2026-09-10
APT001286,PAT00151,DOC0026,2026-08-09 12:45,Telehealth,Scheduled,Joint pain,R645,2026-07-03
APT001287,PAT00930,DOC0052,2025-02-07 17:15,Telehealth,Completed,Routine check-up,R603,2024-12-11
APT001288,PAT00991,DOC0030,2025-03-23 11:15,Telehealth,No-show,Vaccination,R792,2025-02-02
APT001289,PAT00058,DOC0059,2025-12-14 17:45,Lab Review,Completed,Back pain,R753,2025-10-15
APT001290,PAT00426,DOC0081,2026-12-03 14:15,Annual Check-up,Scheduled,Routine check-up,R889,2026-11-08
APT001291,PAT00674,DOC0040,2025-07-12 09:30,Consultation,Completed,Diabetes follow-up,R249,2025-07-09
APT001292,PAT00325,DOC0016,2026-08-24 10:30,Telehealth,Scheduled,Lab results review,R488,2026-08-06
APT001293,PAT00580,DOC0073,2026-10-18 17:30,Consultation,Cancelled,Vaccination,R102,2026-10-09
APT001294,PAT00862,DOC0072,2026-04-21 16:30,Annual Check-up,Cancelled,Skin rash,R881,2026-03-24
APT001295,PAT01017,DOC0052,2025-11-01 17:45,Consultation,Completed,Joint pain,R530,2025-09-09
APT001296,PAT00413,DOC0050,2025-12-22 16:00,Consultation,Completed,Skin rash,R124,2025-11-25
APT001297,PAT00501,DOC0046,2025-11-19 12:45,Vaccination,Completed,Blood pressure review,R857,2025-10-25
APT001298,PAT00558,DOC0073,2026-03-13 11:45,Consultation,Completed,Vaccination,R751,2026-02-04
APT001299,PAT00734,DOC0018,2026-08-06 16:15,Annual Check-up,Scheduled,Back pain,R480,2026-06-29
APT001300,PAT00955,DOC0093,2025-01-09 11:30,Follow-up,Completed,Back pain,R642,2024-12-29
APT001301,PAT00948,DOC0053,2026-11-22 12:45,Lab Review,Scheduled,Skin rash,R422,2026-10-13
APT001302,PAT00594,DOC0118,2026-06-22 15:45,Telehealth,Completed,Back pain,R774,2026-05-25
APT001303,PAT00508,DOC0039,2025-12-05 14:30,Emergency,Completed,Ear pain,R827,2025-11-18
APT001304,PAT00150,DOC0102,2025-11-09 10:45,Vaccination,Cancelled,Anxiety symptoms,R351,2025-09-21
APT001305,PAT00497,DOC0107,2026-12-24 14:30,Follow-up,Scheduled,Anxiety symptoms,R689,2026-10-28
APT001306,PAT00553,DOC0113,2026-02-24 14:00,Lab Review,No-show,Pregnancy consultation,R774,2026-01-10
APT001307,PAT01150,DOC0022,2025-05-30 12:00,Vaccination,Completed,Anxiety symptoms,R531,2025-05-21
APT001308,PAT00977,DOC0093,2025-08-12 14:00,Consultation,Completed,Blood pressure review,R109,2025-06-15
APT001309,PAT01170,DOC0058,2025-05-13 09:15,Lab Review,Scheduled,Routine check-up,R145,2025-04-12
APT001310,PAT00670,DOC0039,2026-06-16 15:15,Annual Check-up,No-show,Skin rash,R523,2026-05-23
APT001311,PAT00690,DOC0061,2026-08-23 11:15,Consultation,Scheduled,Fever and cough,R410,2026-08-05
APT001312,PAT01161,DOC0056,2025-11-08 16:00,Vaccination,No-show,Diabetes follow-up,R329,2025-10-02
APT001313,PAT00112,DOC0106,2025-01-29 11:30,Lab Review,Completed,Routine check-up,R218,2025-01-15
APT001314,PAT00946,DOC0043,2026-02-07 15:45,Vaccination,Completed,Blood pressure review,R446,2025-12-28
APT001315,PAT00966,DOC0001,2026-07-23 16:00,Follow-up,Cancelled,Joint pain,R171,2026-07-06
APT001316,PAT00739,DOC0071,2025-11-02 12:30,Telehealth,Completed,Ear pain,R498,2025-10-18
APT001317,PAT00174,DOC0010,2025-08-17 15:00,Emergency,Completed,Joint pain,R288,2025-08-04
APT001318,PAT00835,DOC0021,2026-11-18 11:00,Emergency,Scheduled,Lab results review,R569,2026-10-30
APT001319,PAT00376,DOC0034,2026-02-21 12:00,Follow-up,Completed,Fever and cough,R780,2026-01-23
APT001320,PAT01187,DOC0054,2026-06-01 16:00,Lab Review,Cancelled,Fever and cough,R767,2026-05-11
APT001321,PAT00289,DOC0073,2025-10-15 16:00,Consultation,No-show,Diabetes follow-up,R763,2025-09-02
APT001322,PAT00998,DOC0057,2025-10-20 10:45,Consultation,Completed,Skin rash,R410,2025-10-06
APT001323,PAT00653,DOC0008,2025-06-08 12:30,Follow-up,Completed,Fever and cough,R673,2025-04-29
APT001324,PAT00575,DOC0055,2026-02-05 15:15,Annual Check-up,Completed,Vaccination,R872,2025-12-07
APT001325,PAT00327,DOC0026,2025-07-25 11:15,Consultation,Completed,Anxiety symptoms,R240,2025-07-23
APT001326,PAT00276,DOC0043,2026-02-15 10:15,Follow-up,Completed,Blood pressure review,R123,2026-01-31
APT001327,PAT00405,DOC0033,2026-02-23 17:45,Annual Check-up,No-show,Routine check-up,R226,2026-01-11
APT001328,PAT00877,DOC0101,2026-04-13 15:00,Follow-up,Scheduled,Vaccination,R895,2026-03-13
APT001329,PAT00712,DOC0097,2025-11-19 12:00,Annual Check-up,Completed,Diabetes follow-up,R480,2025-11-05
APT001330,PAT00115,DOC0011,2025-06-27 12:30,Follow-up,Scheduled,Lab results review,R341,2025-06-25
APT001331,PAT00444,DOC0035,2025-05-15 09:15,Telehealth,Completed,Pregnancy consultation,R170,2025-03-24
APT001332,PAT01191,DOC0104,2025-01-17 10:45,Follow-up,Completed,Ear pain,R778,2024-11-26
APT001333,PAT00272,DOC0038,2025-02-23 15:00,Telehealth,No-show,Vaccination,R366,2025-01-11
APT001334,PAT01120,DOC0060,2025-04-15 17:45,Telehealth,Completed,Back pain,R209,2025-03-06
APT001335,PAT00375,DOC0119,2025-09-28 09:45,Vaccination,No-show,Back pain,R333,2025-08-24
APT001336,PAT00903,DOC0020,2026-11-25 17:15,Follow-up,Scheduled,Back pain,R260,2026-11-04
APT001337,PAT00083,DOC0103,2026-08-22 15:45,Annual Check-up,Scheduled,Headache,R361,2026-06-24
APT001338,PAT01039,DOC0093,2025-05-31 12:45,Follow-up,No-show,Blood pressure review,R563,2025-04-24
APT001339,PAT00157,DOC0102,2025-07-10 10:15,Consultation,Completed,Routine check-up,R223,2025-06-06
APT001340,PAT00938,DOC0066,2025-02-12 12:30,Telehealth,Cancelled,Ear pain,R861,2025-01-03
APT001341,PAT00103,DOC0086,2025-03-17 17:00,Emergency,Scheduled,Lab results review,R811,2025-03-14
APT001342,PAT00462,DOC0077,2025-06-04 15:00,Vaccination,Cancelled,Anxiety symptoms,R358,2025-04-20
APT001343,PAT00727,DOC0023,2026-09-05 15:00,Follow-up,Scheduled,Vaccination,R246,2026-07-09
APT001344,PAT01009,DOC0050,2025-09-18 12:15,Follow-up,Scheduled,Pregnancy consultation,R268,2025-09-16
APT001345,PAT00739,DOC0110,2025-10-24 11:15,Follow-up,Scheduled,Routine check-up,R486,2025-09-10
APT001346,PAT00657,DOC0088,2025-09-24 16:15,Annual Check-up,Completed,Joint pain,R854,2025-09-23
APT001347,PAT01106,DOC0105,2025-07-20 12:30,Telehealth,Completed,Skin rash,R119,2025-06-30
APT001348,PAT01029,DOC0108,2026-06-16 17:30,Telehealth,Completed,Fever and cough,R122,2026-04-25
APT001349,PAT00341,DOC0002,2026-01-19 16:30,Lab Review,Cancelled,Routine check-up,R421,2026-01-06
APT001350,PAT00918,DOC0064,2025-09-21 11:45,Annual Check-up,No-show,Headache,R315,2025-09-10
APT001351,PAT00649,DOC0054,2025-08-27 14:15,Telehealth,Scheduled,Vaccination,R427,2025-07-07
APT001352,PAT00350,DOC0021,2026-01-03 11:00,Telehealth,Completed,Headache,R458,2025-11-29
APT001353,PAT00172,DOC0019,2026-09-12 11:00,Annual Check-up,Cancelled,Chest discomfort,R262,2026-09-02
APT001354,PAT00586,DOC0015,2025-03-15 15:45,Follow-up,Completed,Blood pressure review,R706,2025-02-22
APT001355,PAT00647,DOC0097,2026-11-12 16:15,Annual Check-up,Scheduled,Headache,R838,2026-09-21
APT001356,PAT00316,DOC0083,2026-02-23 11:30,Consultation,Completed,Chest discomfort,R542,2026-01-29
APT001357,PAT00156,DOC0043,2026-11-11 14:00,Emergency,Cancelled,Chest discomfort,R200,2026-10-29
APT001358,PAT00420,DOC0093,2025-04-20 12:00,Vaccination,Completed,Fever and cough,R648,2025-02-24
APT001359,PAT00460,DOC0091,2025-06-10 10:00,Consultation,Completed,Diabetes follow-up,R278,2025-04-20
APT001360,PAT00157,DOC0048,2025-10-31 10:30,Lab Review,Completed,Pregnancy consultation,R546,2025-09-26
APT001361,PAT00855,DOC0069,2026-05-27 16:30,Consultation,Completed,Joint pain,R882,2026-04-19
APT001362,PAT00225,DOC0068,2025-12-01 14:00,Emergency,Completed,Headache,R869,2025-11-22
APT001363,PAT00002,DOC0006,2026-02-02 11:45,Vaccination,No-show,Vaccination,R592,2026-01-17
APT001364,PAT00643,DOC0067,2025-12-02 16:45,Annual Check-up,Scheduled,Skin rash,R419,2025-10-13
APT001365,PAT00244,DOC0077,2026-03-22 11:15,Follow-up,No-show,Skin rash,R215,2026-02-10
APT001366,PAT00289,DOC0092,2026-03-23 11:15,Follow-up,Completed,Routine check-up,R118,2026-03-03
APT001367,PAT00131,DOC0006,2025-10-19 11:30,Lab Review,Completed,Pregnancy consultation,R216,2025-09-30
APT001368,PAT00995,DOC0066,2026-08-05 10:00,Follow-up,Scheduled,Vaccination,R879,2026-07-09
APT001369,PAT00569,DOC0074,2026-12-09 10:15,Consultation,Scheduled,Pregnancy consultation,R854,2026-11-03
APT001370,PAT00041,DOC0008,2025-08-13 16:45,Annual Check-up,Completed,Headache,R805,2025-06-26
APT001371,PAT00345,DOC0091,2025-01-03 09:00,Annual Check-up,Completed,Back pain,R266,2024-11-29
APT001372,PAT00690,DOC0025,2026-07-12 16:15,Emergency,Scheduled,Lab results review,R747,2026-07-09
APT001373,PAT00669,DOC0104,2025-07-03 14:15,Follow-up,Cancelled,Joint pain,R664,2025-05-18
APT001374,PAT00004,DOC0120,2025-12-30 11:45,Follow-up,Cancelled,Lab results review,R776,2025-11-10
APT001375,PAT01157,DOC0099,2026-09-19 09:00,Annual Check-up,Cancelled,Vaccination,R543,2026-09-08
APT001376,PAT00937,DOC0097,2026-03-23 12:15,Follow-up,Cancelled,Diabetes follow-up,R614,2026-02-11
APT001377,PAT00790,DOC0087,2025-07-28 12:45,Consultation,No-show,Headache,R618,2025-07-06
APT001378,PAT00234,DOC0114,2026-10-09 16:15,Follow-up,Scheduled,Headache,R545,2026-09-03
APT001379,PAT00625,DOC0100,2025-04-22 09:00,Annual Check-up,Completed,Blood pressure review,R618,2025-03-02
APT001380,PAT00322,DOC0026,2025-08-20 11:00,Lab Review,Cancelled,Chest discomfort,R621,2025-07-04
APT001381,PAT00459,DOC0045,2025-07-11 17:00,Emergency,Scheduled,Pregnancy consultation,R826,2025-05-23
APT001382,PAT00041,DOC0052,2026-05-09 17:45,Consultation,No-show,Routine check-up,R533,2026-03-21
APT001383,PAT00759,DOC0106,2026-08-19 11:00,Consultation,Cancelled,Chest discomfort,R770,2026-06-27
APT001384,PAT00546,DOC0032,2025-03-18 11:45,Telehealth,Scheduled,Anxiety symptoms,R220,2025-02-16
APT001385,PAT01031,DOC0089,2025-04-24 15:45,Annual Check-up,Cancelled,Anxiety symptoms,R353,2025-03-20
APT001386,PAT00613,DOC0045,2026-11-08 17:15,Annual Check-up,Scheduled,Ear pain,R850,2026-10-29
APT001387,PAT00801,DOC0049,2026-01-13 16:45,Vaccination,Completed,Medication refill,R463,2025-12-07
APT001388,PAT00193,DOC0018,2025-11-28 17:15,Vaccination,Cancelled,Skin rash,R708,2025-10-22
APT001389,PAT00333,DOC0044,2025-11-30 12:30,Annual Check-up,Scheduled,Chest discomfort,R752,2025-11-29
APT001390,PAT00911,DOC0095,2025-11-02 11:00,Annual Check-up,Completed,Vaccination,R587,2025-10-23
APT001391,PAT00844,DOC0055,2026-08-28 14:00,Vaccination,Cancelled,Medication refill,R506,2026-07-27
APT001392,PAT00045,DOC0072,2025-01-04 17:30,Telehealth,No-show,Chest discomfort,R362,2024-11-29
APT001393,PAT00721,DOC0088,2026-09-25 14:45,Follow-up,Cancelled,Skin rash,R723,2026-08-04
APT001394,PAT01033,DOC0109,2025-11-06 10:45,Emergency,Completed,Vaccination,R570,2025-10-03
APT001395,PAT00704,DOC0027,2026-02-13 10:45,Vaccination,Cancelled,Skin rash,R129,2026-01-27
APT001396,PAT00594,DOC0041,2025-01-11 11:45,Emergency,Completed,Joint pain,R276,2025-01-03
APT001397,PAT00065,DOC0021,2026-02-13 11:45,Telehealth,Scheduled,Fever and cough,R397,2026-01-08
APT001398,PAT00126,DOC0003,2026-07-12 11:30,Vaccination,Scheduled,Pregnancy consultation,R207,2026-05-23
APT001399,PAT00454,DOC0001,2026-07-24 12:00,Annual Check-up,Scheduled,Back pain,R654,2026-06-18
APT001400,PAT00486,DOC0080,2026-09-02 17:30,Vaccination,Scheduled,Lab results review,R456,2026-08-06
APT001401,PAT00485,DOC0002,2025-06-02 17:30,Consultation,Completed,Joint pain,R101,2025-05-19
APT001402,PAT00095,DOC0087,2025-12-20 16:45,Lab Review,Cancelled,Routine check-up,R898,2025-11-11
APT001403,PAT00729,DOC0083,2025-07-28 09:30,Consultation,Completed,Headache,R672,2025-07-11
APT001404,PAT01158,DOC0025,2026-03-25 14:45,Consultation,Cancelled,Vaccination,R615,2026-02-04
APT001405,PAT00983,DOC0117,2025-01-20 10:45,Annual Check-up,Scheduled,Diabetes follow-up,R136,2025-01-18
APT001406,PAT00232,DOC0081,2025-07-28 16:30,Consultation,No-show,Joint pain,R149,2025-07-13
APT001407,PAT00556,DOC0118,2025-10-30 14:30,Vaccination,Cancelled,Diabetes follow-up,R145,2025-10-04
APT001408,PAT00992,DOC0036,2026-11-13 15:45,Follow-up,Scheduled,Pregnancy consultation,R409,2026-11-10
APT001409,PAT00774,DOC0019,2025-05-10 10:30,Vaccination,Completed,Joint pain,R712,2025-04-12
APT001410,PAT00979,DOC0018,2025-11-19 16:15,Consultation,Completed,Diabetes follow-up,R724,2025-11-18
APT001411,PAT00680,DOC0031,2025-08-09 14:45,Emergency,Completed,Medication refill,R611,2025-07-20
APT001412,PAT00984,DOC0116,2026-02-03 14:30,Emergency,Completed,Chest discomfort,R712,2026-01-19
APT001413,PAT00896,DOC0042,2025-06-24 10:15,Emergency,Completed,Pregnancy consultation,R107,2025-05-23
APT001414,PAT00168,DOC0018,2025-10-22 15:30,Follow-up,Completed,Blood pressure review,R819,2025-08-29
APT001415,PAT00116,DOC0001,2025-09-13 16:15,Consultation,Completed,Chest discomfort,R170,2025-07-15
APT001416,PAT00968,DOC0031,2026-10-18 11:45,Lab Review,Scheduled,Vaccination,R378,2026-09-13
APT001417,PAT01118,DOC0094,2025-09-10 15:30,Emergency,No-show,Ear pain,R668,2025-08-20
APT001418,PAT00351,DOC0024,2026-08-22 14:15,Annual Check-up,Scheduled,Chest discomfort,R421,2026-08-15
APT001419,PAT00832,DOC0015,2026-05-30 15:45,Consultation,Cancelled,Back pain,R560,2026-05-25
APT001420,PAT00113,DOC0044,2025-02-23 09:30,Consultation,Cancelled,Skin rash,R365,2025-01-25
APT001421,PAT00931,DOC0040,2025-10-03 17:15,Annual Check-up,Completed,Medication refill,R320,2025-09-10
APT001422,PAT00290,DOC0039,2026-03-25 14:00,Consultation,Scheduled,Lab results review,R465,2026-02-15
APT001423,PAT00615,DOC0090,2026-08-08 17:15,Follow-up,Cancelled,Skin rash,R138,2026-07-17
APT001424,PAT00474,DOC0063,2026-06-07 09:15,Vaccination,Completed,Blood pressure review,R323,2026-05-11
APT001425,PAT00171,DOC0112,2025-03-12 12:15,Vaccination,No-show,Lab results review,R716,2025-02-28
APT001426,PAT00875,DOC0120,2025-02-08 17:15,Consultation,Cancelled,Medication refill,R462,2024-12-19
APT001427,PAT00357,DOC0062,2026-07-11 17:15,Telehealth,Cancelled,Fever and cough,R289,2026-06-20
APT001428,PAT00129,DOC0041,2025-07-05 10:45,Telehealth,Completed,Ear pain,R435,2025-05-12
APT001429,PAT00436,DOC0119,2025-12-02 12:45,Consultation,Cancelled,Medication refill,R204,2025-10-30
APT001430,PAT01157,DOC0111,2025-04-20 15:45,Follow-up,Scheduled,Chest discomfort,R400,2025-04-02
APT001431,PAT00782,DOC0064,2025-03-31 17:45,Follow-up,Scheduled,Ear pain,R707,2025-02-07
APT001432,PAT00815,DOC0076,2025-03-08 14:15,Follow-up,Scheduled,Blood pressure review,R702,2025-01-28
APT001433,PAT01179,DOC0033,2026-01-21 16:30,Consultation,Completed,Joint pain,R725,2025-12-14
APT001434,PAT01178,DOC0075,2025-01-30 09:00,Vaccination,Cancelled,Fever and cough,R668,2025-01-08
APT001435,PAT00983,DOC0030,2026-08-15 09:15,Emergency,Cancelled,Lab results review,R268,2026-08-08
APT001436,PAT00175,DOC0070,2026-09-01 16:30,Annual Check-up,Scheduled,Joint pain,R402,2026-08-07
APT001437,PAT00568,DOC0095,2026-06-11 14:45,Telehealth,Completed,Anxiety symptoms,R275,2026-05-06
APT001438,PAT00760,DOC0106,2026-05-18 15:30,Follow-up,Cancelled,Medication refill,R631,2026-03-31
APT001439,PAT00228,DOC0108,2026-08-30 09:15,Annual Check-up,Scheduled,Diabetes follow-up,R698,2026-07-31
APT001440,PAT01104,DOC0078,2026-11-08 10:15,Follow-up,Cancelled,Skin rash,R755,2026-09-30
APT001441,PAT00926,DOC0116,2025-03-25 17:00,Lab Review,Completed,Joint pain,R695,2025-02-19
APT001442,PAT00613,DOC0118,2025-09-26 15:00,Lab Review,Completed,Medication refill,R312,2025-08-29
APT001443,PAT01017,DOC0098,2025-06-13 16:00,Annual Check-up,Completed,Routine check-up,R323,2025-05-03
APT001444,PAT00061,DOC0027,2026-06-25 15:45,Consultation,Cancelled,Lab results review,R894,2026-06-19
APT001445,PAT01184,DOC0032,2026-09-17 17:00,Consultation,Cancelled,Skin rash,R124,2026-07-31
APT001446,PAT01174,DOC0081,2025-06-20 10:45,Consultation,Cancelled,Vaccination,R480,2025-05-30
APT001447,PAT00303,DOC0072,2026-03-12 16:15,Consultation,Completed,Blood pressure review,R744,2026-01-17
APT001448,PAT00642,DOC0096,2026-06-01 09:45,Lab Review,Completed,Ear pain,R785,2026-05-11
APT001449,PAT00400,DOC0017,2026-11-21 16:00,Consultation,Scheduled,Ear pain,R690,2026-11-05
APT001450,PAT01198,DOC0011,2025-01-11 12:15,Telehealth,Cancelled,Lab results review,R415,2025-01-02
APT001451,PAT00646,DOC0045,2025-05-05 12:45,Consultation,Cancelled,Fever and cough,R807,2025-04-01
APT001452,PAT00672,DOC0106,2026-07-02 10:00,Consultation,Scheduled,Fever and cough,R239,2026-06-12
APT001453,PAT00435,DOC0092,2026-04-18 12:45,Annual Check-up,Completed,Routine check-up,R644,2026-03-17
APT001454,PAT00422,DOC0049,2026-02-16 11:45,Annual Check-up,Completed,Routine check-up,R458,2026-01-14
APT001455,PAT00822,DOC0073,2025-09-09 12:30,Consultation,Cancelled,Blood pressure review,R822,2025-09-08
APT001456,PAT00684,DOC0070,2025-11-26 16:00,Emergency,No-show,Back pain,R562,2025-10-14
APT001457,PAT00505,DOC0012,2026-10-29 15:45,Vaccination,Scheduled,Lab results review,R600,2026-09-22
APT001458,PAT00381,DOC0046,2025-12-22 10:00,Follow-up,Completed,Headache,R503,2025-11-08
APT001459,PAT00088,DOC0085,2025-05-18 12:45,Telehealth,Completed,Vaccination,R129,2025-03-24
APT001460,PAT00325,DOC0070,2026-09-01 16:45,Follow-up,Scheduled,Headache,R403,2026-08-20
APT001461,PAT01068,DOC0011,2026-01-22 14:30,Annual Check-up,No-show,Routine check-up,R523,2026-01-17
APT001462,PAT00072,DOC0115,2025-04-18 17:30,Emergency,Completed,Chest discomfort,R649,2025-02-21
APT001463,PAT00614,DOC0053,2025-09-29 09:30,Follow-up,Completed,Routine check-up,R786,2025-08-24
APT001464,PAT01120,DOC0001,2025-05-19 17:15,Follow-up,Completed,Fever and cough,R599,2025-04-22
APT001465,PAT00428,DOC0055,2025-05-18 10:30,Annual Check-up,Completed,Chest discomfort,R378,2025-04-18
APT001466,PAT00238,DOC0068,2026-08-16 12:30,Vaccination,Scheduled,Medication refill,R522,2026-07-10
APT001467,PAT00092,DOC0054,2026-05-23 16:30,Lab Review,No-show,Ear pain,R722,2026-04-12
APT001468,PAT00008,DOC0073,2025-06-27 11:30,Telehealth,Cancelled,Anxiety symptoms,R884,2025-06-09
APT001469,PAT00656,DOC0097,2025-12-26 10:15,Vaccination,Completed,Lab results review,R867,2025-10-29
APT001470,PAT00930,DOC0018,2026-05-18 10:45,Consultation,Completed,Skin rash,R758,2026-04-20
APT001471,PAT01133,DOC0072,2025-05-03 10:45,Lab Review,Completed,Lab results review,R839,2025-03-14
APT001472,PAT00072,DOC0026,2025-11-09 12:00,Follow-up,Scheduled,Pregnancy consultation,R662,2025-10-09
APT001473,PAT00908,DOC0084,2026-01-03 12:15,Emergency,Scheduled,Blood pressure review,R880,2025-12-03
APT001474,PAT00921,DOC0002,2025-09-15 10:15,Vaccination,Completed,Ear pain,R113,2025-08-06
APT001475,PAT00231,DOC0045,2025-07-17 16:00,Follow-up,Cancelled,Diabetes follow-up,R506,2025-07-08
APT001476,PAT00715,DOC0034,2025-06-20 09:30,Lab Review,No-show,Routine check-up,R275,2025-04-25
APT001477,PAT00477,DOC0115,2025-03-29 09:30,Follow-up,Scheduled,Vaccination,R108,2025-03-11
APT001478,PAT00573,DOC0009,2025-01-21 09:45,Lab Review,Cancelled,Ear pain,R822,2025-01-03
APT001479,PAT00205,DOC0073,2025-08-09 11:30,Lab Review,Completed,Back pain,R665,2025-06-28
APT001480,PAT00155,DOC0008,2026-09-29 17:30,Follow-up,Scheduled,Routine check-up,R869,2026-09-11
APT001481,PAT01115,DOC0060,2025-01-29 17:15,Emergency,Scheduled,Ear pain,R689,2025-01-02
APT001482,PAT00420,DOC0024,2025-07-01 15:00,Lab Review,Completed,Vaccination,R248,2025-06-19
APT001483,PAT00594,DOC0002,2025-09-29 12:15,Consultation,Completed,Headache,R647,2025-08-06
APT001484,PAT00106,DOC0005,2025-07-17 14:45,Consultation,Scheduled,Pregnancy consultation,R805,2025-06-22
APT001485,PAT00441,DOC0007,2026-05-02 09:15,Telehealth,Scheduled,Pregnancy consultation,R812,2026-03-21
APT001486,PAT00348,DOC0008,2025-06-05 09:00,Lab Review,Completed,Anxiety symptoms,R343,2025-05-10
APT001487,PAT00849,DOC0093,2025-05-19 10:30,Vaccination,Scheduled,Blood pressure review,R698,2025-05-17
APT001488,PAT00021,DOC0044,2026-04-22 17:30,Consultation,Completed,Fever and cough,R607,2026-04-06
APT001489,PAT00280,DOC0043,2026-07-31 09:00,Vaccination,Scheduled,Medication refill,R573,2026-07-25
APT001490,PAT00389,DOC0097,2025-02-05 17:15,Consultation,Completed,Diabetes follow-up,R310,2025-01-01
APT001491,PAT00780,DOC0073,2025-02-12 17:00,Telehealth,Scheduled,Chest discomfort,R246,2025-01-31
APT001492,PAT00246,DOC0004,2025-09-17 15:30,Lab Review,Scheduled,Ear pain,R215,2025-08-16
APT001493,PAT00228,DOC0073,2025-06-21 10:45,Telehealth,Completed,Lab results review,R363,2025-06-01
APT001494,PAT00502,DOC0053,2025-02-25 11:15,Emergency,Completed,Medication refill,R235,2025-02-13
APT001495,PAT00739,DOC0019,2025-04-06 16:00,Follow-up,Completed,Diabetes follow-up,R320,2025-02-06
APT001496,PAT00553,DOC0097,2025-03-26 11:00,Emergency,Completed,Anxiety symptoms,R860,2025-02-01
APT001497,PAT00914,DOC0103,2026-05-01 11:45,Follow-up,Completed,Anxiety symptoms,R791,2026-04-19
APT001498,PAT00862,DOC0083,2026-10-03 15:30,Telehealth,Scheduled,Routine check-up,R519,2026-09-27
APT001499,PAT00954,DOC0078,2025-11-04 09:15,Lab Review,Completed,Skin rash,R809,2025-10-12
APT001500,PAT01197,DOC0070,2025-12-26 10:45,Consultation,Completed,Fever and cough,R209,2025-11-19
APT001501,PAT00227,DOC0041,2026-07-04 10:15,Telehealth,Cancelled,Medication refill,R876,2026-05-20
APT001502,PAT00585,DOC0094,2026-09-14 16:30,Lab Review,Scheduled,Vaccination,R627,2026-08-01
APT001503,PAT00863,DOC0017,2025-08-08 17:45,Vaccination,Completed,Fever and cough,R639,2025-07-21
APT001504,PAT00639,DOC0059,2025-09-23 09:15,Vaccination,No-show,Vaccination,R191,2025-08-17
APT001505,PAT00225,DOC0074,2025-02-03 17:30,Follow-up,Cancelled,Anxiety symptoms,R188,2025-01-06
APT001506,PAT00616,DOC0006,2025-02-21 16:15,Annual Check-up,Cancelled,Headache,R741,2025-02-12
APT001507,PAT00405,DOC0101,2025-11-30 12:30,Vaccination,Completed,Pregnancy consultation,R548,2025-11-12
APT001508,PAT00920,DOC0006,2026-06-01 11:00,Vaccination,Cancelled,Blood pressure review,R521,2026-05-11
APT001509,PAT00562,DOC0056,2025-07-11 11:00,Follow-up,Completed,Diabetes follow-up,R305,2025-05-24
APT001510,PAT01007,DOC0088,2025-06-01 09:30,Consultation,Completed,Joint pain,R314,2025-04-13
APT001511,PAT00447,DOC0001,2025-03-04 09:00,Telehealth,Cancelled,Pregnancy consultation,R355,2025-01-12
APT001512,PAT00598,DOC0096,2026-02-17 17:15,Vaccination,Completed,Anxiety symptoms,R105,2026-02-16
APT001513,PAT01058,DOC0067,2026-08-09 10:00,Lab Review,Scheduled,Skin rash,R103,2026-08-07
APT001514,PAT01188,DOC0110,2025-04-05 16:15,Follow-up,Completed,Lab results review,R802,2025-03-04
APT001515,PAT00413,DOC0120,2026-04-13 17:00,Vaccination,Completed,Headache,R851,2026-03-22
APT001516,PAT00615,DOC0070,2025-03-26 16:45,Follow-up,Scheduled,Skin rash,R142,2025-03-22
APT001517,PAT00048,DOC0118,2026-09-04 14:15,Consultation,Scheduled,Blood pressure review,R841,2026-07-12
APT001518,PAT00501,DOC0058,2025-03-26 10:00,Annual Check-up,Completed,Back pain,R719,2025-02-18
APT001519,PAT00757,DOC0089,2025-09-23 15:15,Lab Review,Cancelled,Medication refill,R417,2025-09-13
APT001520,PAT00038,DOC0025,2026-10-14 14:00,Emergency,Scheduled,Routine check-up,R881,2026-09-28
APT001521,PAT00569,DOC0053,2026-02-25 09:45,Vaccination,Scheduled,Back pain,R722,2026-01-17
APT001522,PAT00513,DOC0037,2026-08-19 14:45,Annual Check-up,Scheduled,Headache,R155,2026-08-12
APT001523,PAT00120,DOC0071,2025-05-22 14:00,Annual Check-up,Completed,Medication refill,R889,2025-04-17
APT001524,PAT00188,DOC0089,2026-06-04 11:15,Vaccination,Completed,Chest discomfort,R558,2026-04-26
APT001525,PAT00592,DOC0001,2025-06-02 16:15,Emergency,Cancelled,Fever and cough,R613,2025-04-06
APT001526,PAT00144,DOC0064,2025-09-26 15:15,Lab Review,Completed,Vaccination,R468,2025-08-16
APT001527,PAT00395,DOC0053,2025-11-16 11:15,Consultation,Scheduled,Back pain,R109,2025-10-28
APT001528,PAT00179,DOC0021,2026-09-27 10:15,Consultation,Scheduled,Pregnancy consultation,R663,2026-09-19
APT001529,PAT00858,DOC0009,2026-10-06 11:30,Emergency,Scheduled,Back pain,R782,2026-08-11
APT001530,PAT00815,DOC0015,2025-02-02 09:45,Follow-up,Completed,Anxiety symptoms,R157,2025-01-16
APT001531,PAT00874,DOC0053,2025-01-25 09:00,Follow-up,Cancelled,Diabetes follow-up,R635,2025-01-15
APT001532,PAT00939,DOC0012,2025-01-31 10:15,Vaccination,Completed,Blood pressure review,R853,2024-12-02
APT001533,PAT00875,DOC0009,2025-12-26 10:15,Emergency,No-show,Fever and cough,R646,2025-11-10
APT001534,PAT00767,DOC0002,2026-05-25 16:45,Follow-up,Completed,Medication refill,R891,2026-03-28
APT001535,PAT00530,DOC0040,2026-01-26 09:30,Follow-up,Completed,Chest discomfort,R551,2025-12-30
APT001536,PAT00449,DOC0110,2026-10-12 14:45,Vaccination,Scheduled,Lab results review,R191,2026-09-20
APT001537,PAT00485,DOC0001,2026-01-10 17:15,Telehealth,Completed,Ear pain,R253,2025-12-24
APT001538,PAT00482,DOC0045,2026-07-26 16:00,Follow-up,Cancelled,Vaccination,R268,2026-07-05
APT001539,PAT00208,DOC0096,2026-11-27 11:45,Telehealth,Scheduled,Chest discomfort,R104,2026-10-25
APT001540,PAT00803,DOC0109,2026-03-05 16:30,Lab Review,No-show,Joint pain,R510,2026-02-23
APT001541,PAT00267,DOC0036,2025-03-20 17:45,Telehealth,Cancelled,Lab results review,R623,2025-01-24
APT001542,PAT00553,DOC0102,2026-10-01 14:45,Follow-up,Cancelled,Vaccination,R693,2026-09-27
APT001543,PAT00426,DOC0047,2025-01-16 09:45,Lab Review,Completed,Joint pain,R623,2024-12-27
APT001544,PAT01026,DOC0073,2026-05-10 14:15,Emergency,Completed,Diabetes follow-up,R379,2026-03-19
APT001545,PAT00430,DOC0040,2025-02-24 14:45,Lab Review,No-show,Joint pain,R488,2025-01-19
APT001546,PAT00313,DOC0015,2025-06-04 10:30,Telehealth,No-show,Medication refill,R359,2025-04-26
APT001547,PAT00730,DOC0021,2026-01-01 14:15,Annual Check-up,Scheduled,Fever and cough,R808,2025-12-14
APT001548,PAT00580,DOC0083,2025-04-01 10:00,Vaccination,No-show,Chest discomfort,R605,2025-02-10
APT001549,PAT00401,DOC0070,2026-07-18 10:15,Lab Review,Scheduled,Vaccination,R785,2026-06-20
APT001550,PAT00479,DOC0040,2025-08-19 15:30,Lab Review,Cancelled,Pregnancy consultation,R284,2025-07-03
APT001551,PAT00133,DOC0068,2026-06-14 14:45,Telehealth,Completed,Pregnancy consultation,R515,2026-05-28
APT001552,PAT00038,DOC0045,2025-04-11 10:00,Follow-up,Completed,Diabetes follow-up,R480,2025-03-22
APT001553,PAT00402,DOC0085,2025-10-13 10:15,Consultation,Completed,Blood pressure review,R826,2025-09-17
APT001554,PAT00105,DOC0040,2026-09-18 16:00,Follow-up,Scheduled,Lab results review,R203,2026-08-03
APT001555,PAT01035,DOC0050,2025-02-24 09:15,Annual Check-up,Completed,Diabetes follow-up,R307,2025-02-17
APT001556,PAT00915,DOC0071,2026-08-30 09:00,Consultation,Scheduled,Routine check-up,R315,2026-08-10
APT001557,PAT00973,DOC0105,2025-04-30 12:00,Telehealth,No-show,Medication refill,R866,2025-04-23
APT001558,PAT00956,DOC0098,2026-10-30 16:00,Annual Check-up,Scheduled,Medication refill,R876,2026-10-05
APT001559,PAT00319,DOC0098,2025-12-30 09:30,Annual Check-up,Cancelled,Routine check-up,R392,2025-11-05
APT001560,PAT00956,DOC0106,2026-06-21 15:30,Annual Check-up,Completed,Joint pain,R224,2026-06-16
APT001561,PAT00422,DOC0057,2025-12-15 12:30,Annual Check-up,Completed,Pregnancy consultation,R223,2025-12-13
APT001562,PAT00968,DOC0119,2025-06-20 17:00,Lab Review,Completed,Vaccination,R580,2025-05-12
APT001563,PAT00116,DOC0092,2025-08-21 17:00,Telehealth,Completed,Headache,R129,2025-07-16
APT001564,PAT01049,DOC0015,2026-09-23 17:15,Vaccination,Cancelled,Diabetes follow-up,R877,2026-08-16
APT001565,PAT00787,DOC0033,2026-05-08 17:00,Telehealth,Completed,Pregnancy consultation,R447,2026-03-15
APT001566,PAT00465,DOC0006,2026-04-04 16:00,Follow-up,Completed,Joint pain,R394,2026-02-27
APT001567,PAT00031,DOC0087,2026-07-17 15:30,Consultation,Scheduled,Vaccination,R274,2026-06-05
APT001568,PAT00527,DOC0086,2025-10-28 12:15,Follow-up,Scheduled,Blood pressure review,R267,2025-09-05
APT001569,PAT00249,DOC0051,2026-08-23 09:45,Vaccination,Scheduled,Anxiety symptoms,R461,2026-06-29
APT001570,PAT00934,DOC0034,2026-02-12 17:00,Annual Check-up,Scheduled,Headache,R800,2026-01-20
APT001571,PAT00136,DOC0056,2026-09-27 10:15,Annual Check-up,Cancelled,Anxiety symptoms,R246,2026-09-21
APT001572,PAT00660,DOC0008,2025-04-29 16:30,Telehealth,Completed,Lab results review,R175,2025-04-28
APT001573,PAT00984,DOC0119,2025-01-10 12:15,Lab Review,Completed,Back pain,R765,2024-12-07
APT001574,PAT00529,DOC0115,2025-06-10 14:15,Annual Check-up,No-show,Ear pain,R216,2025-05-01
APT001575,PAT01103,DOC0111,2025-08-16 11:30,Vaccination,Completed,Pregnancy consultation,R168,2025-08-01
APT001576,PAT00049,DOC0002,2025-11-05 10:45,Lab Review,Completed,Anxiety symptoms,R116,2025-10-15
APT001577,PAT00469,DOC0006,2025-05-31 10:30,Telehealth,Completed,Joint pain,R588,2025-04-14
APT001578,PAT00747,DOC0098,2026-07-18 16:30,Follow-up,Scheduled,Headache,R784,2026-05-23
APT001579,PAT00676,DOC0030,2025-11-14 10:00,Consultation,Completed,Fever and cough,R222,2025-09-18
APT001580,PAT00566,DOC0117,2026-05-26 16:30,Telehealth,Completed,Medication refill,R618,2026-04-03
APT001581,PAT01199,DOC0101,2026-03-11 10:30,Vaccination,Completed,Vaccination,R446,2026-02-18
APT001582,PAT00228,DOC0018,2026-07-14 10:45,Lab Review,Scheduled,Joint pain,R201,2026-07-05
APT001583,PAT00480,DOC0076,2026-01-17 17:00,Emergency,Completed,Back pain,R259,2025-12-23
APT001584,PAT00094,DOC0098,2026-11-19 17:15,Consultation,Scheduled,Blood pressure review,R258,2026-10-31
APT001585,PAT00600,DOC0056,2026-01-14 14:45,Telehealth,Scheduled,Medication refill,R245,2026-01-11
APT001586,PAT00734,DOC0009,2026-03-29 10:00,Consultation,Completed,Vaccination,R613,2026-02-27
APT001587,PAT00251,DOC0047,2026-01-29 14:45,Lab Review,No-show,Pregnancy consultation,R336,2025-12-29
APT001588,PAT00126,DOC0028,2025-04-11 17:30,Vaccination,Completed,Skin rash,R117,2025-02-20
APT001589,PAT00381,DOC0114,2026-03-29 14:00,Vaccination,Completed,Lab results review,R433,2026-02-11
APT001590,PAT00941,DOC0086,2025-07-05 16:00,Follow-up,Cancelled,Diabetes follow-up,R441,2025-06-18
APT001591,PAT00808,DOC0088,2026-06-25 16:15,Follow-up,Scheduled,Joint pain,R669,2026-05-22
APT001592,PAT00615,DOC0006,2026-04-05 16:45,Consultation,Completed,Skin rash,R557,2026-02-22
APT001593,PAT00773,DOC0088,2025-07-31 11:45,Follow-up,No-show,Routine check-up,R447,2025-07-17
APT001594,PAT01124,DOC0118,2026-02-15 17:45,Emergency,Completed,Ear pain,R719,2026-02-06
APT001595,PAT00447,DOC0115,2026-06-26 16:45,Telehealth,Completed,Anxiety symptoms,R788,2026-05-12
APT001596,PAT00062,DOC0103,2025-09-27 16:15,Annual Check-up,Completed,Diabetes follow-up,R443,2025-08-08
APT001597,PAT00759,DOC0100,2025-08-29 14:00,Annual Check-up,Completed,Back pain,R638,2025-07-06
APT001598,PAT00297,DOC0061,2025-07-24 16:00,Vaccination,Completed,Joint pain,R561,2025-06-26
APT001599,PAT00528,DOC0100,2025-01-10 15:15,Annual Check-up,No-show,Chest discomfort,R430,2024-12-14
APT001600,PAT00923,DOC0008,2026-05-01 17:45,Emergency,Completed,Ear pain,R361,2026-04-20
APT001601,PAT00894,DOC0109,2025-03-20 09:15,Emergency,Cancelled,Lab results review,R251,2025-01-24
APT001602,PAT00371,DOC0062,2025-08-04 16:15,Follow-up,No-show,Vaccination,R285,2025-07-31
APT001603,PAT00361,DOC0023,2026-10-21 11:45,Lab Review,Scheduled,Routine check-up,R576,2026-08-28
APT001604,PAT00760,DOC0084,2026-05-17 16:00,Telehealth,Completed,Vaccination,R269,2026-05-13
APT001605,PAT00604,DOC0021,2026-09-24 15:00,Telehealth,Cancelled,Skin rash,R691,2026-08-19
APT001606,PAT00477,DOC0005,2026-01-19 11:00,Vaccination,Scheduled,Lab results review,R109,2026-01-05
APT001607,PAT01198,DOC0110,2025-07-03 11:00,Annual Check-up,Completed,Joint pain,R524,2025-05-27
APT001608,PAT01126,DOC0002,2025-04-08 14:15,Emergency,Scheduled,Chest discomfort,R608,2025-02-13
APT001609,PAT00159,DOC0008,2026-03-09 09:00,Lab Review,Scheduled,Vaccination,R120,2026-01-09
APT001610,PAT00443,DOC0104,2025-03-24 16:15,Emergency,Completed,Vaccination,R802,2025-03-23
APT001611,PAT00068,DOC0038,2026-08-21 12:15,Follow-up,Scheduled,Diabetes follow-up,R360,2026-06-23
APT001612,PAT00573,DOC0049,2026-08-15 12:00,Vaccination,Scheduled,Lab results review,R386,2026-06-25
APT001613,PAT00909,DOC0056,2025-09-05 09:15,Annual Check-up,Completed,Anxiety symptoms,R508,2025-07-18
APT001614,PAT00666,DOC0034,2025-03-04 11:30,Vaccination,No-show,Anxiety symptoms,R664,2025-02-11
APT001615,PAT00223,DOC0090,2026-09-11 12:15,Follow-up,Cancelled,Diabetes follow-up,R877,2026-08-10
APT001616,PAT00370,DOC0070,2025-03-31 11:00,Follow-up,Scheduled,Lab results review,R457,2025-02-17
APT001617,PAT00098,DOC0039,2026-07-31 16:00,Telehealth,Cancelled,Diabetes follow-up,R564,2026-07-05
APT001618,PAT00679,DOC0106,2025-06-25 17:15,Emergency,No-show,Pregnancy consultation,R465,2025-06-11
APT001619,PAT01002,DOC0034,2026-10-01 15:00,Vaccination,Scheduled,Vaccination,R660,2026-09-03
APT001620,PAT00618,DOC0105,2025-01-03 16:45,Lab Review,Scheduled,Back pain,R123,2024-12-23
APT001621,PAT00092,DOC0070,2025-01-11 10:15,Follow-up,Completed,Anxiety symptoms,R291,2024-11-22
APT001622,PAT00160,DOC0116,2026-01-16 14:15,Emergency,Completed,Anxiety symptoms,R366,2025-12-12
APT001623,PAT01173,DOC0117,2025-02-05 12:15,Emergency,Completed,Joint pain,R298,2025-01-20
APT001624,PAT00423,DOC0023,2025-01-07 11:15,Consultation,Completed,Back pain,R258,2024-11-16
APT001625,PAT00767,DOC0116,2026-10-30 15:30,Vaccination,Scheduled,Lab results review,R847,2026-10-15
APT001626,PAT00692,DOC0037,2025-12-03 09:15,Vaccination,Scheduled,Lab results review,R617,2025-10-11
APT001627,PAT01136,DOC0104,2026-07-28 14:15,Follow-up,Scheduled,Anxiety symptoms,R267,2026-07-09
APT001628,PAT00505,DOC0051,2025-06-17 16:15,Consultation,Cancelled,Fever and cough,R456,2025-05-11
APT001629,PAT01103,DOC0083,2025-08-25 10:15,Lab Review,Completed,Lab results review,R377,2025-08-19
APT001630,PAT00332,DOC0113,2026-08-17 09:45,Telehealth,Cancelled,Medication refill,R421,2026-06-19
APT001631,PAT00275,DOC0008,2025-05-01 11:15,Follow-up,Scheduled,Vaccination,R178,2025-03-31
APT001632,PAT00942,DOC0040,2026-08-26 15:30,Telehealth,Scheduled,Diabetes follow-up,R287,2026-07-18
APT001633,PAT00550,DOC0083,2025-04-06 12:45,Lab Review,Cancelled,Back pain,R201,2025-02-27
APT001634,PAT00272,DOC0024,2026-02-10 17:00,Consultation,Completed,Ear pain,R594,2026-01-17
APT001635,PAT00476,DOC0093,2026-02-15 11:45,Telehealth,Completed,Lab results review,R427,2026-02-05
APT001636,PAT01042,DOC0081,2026-02-13 14:45,Annual Check-up,Completed,Routine check-up,R127,2025-12-18
APT001637,PAT00872,DOC0016,2026-04-05 12:00,Vaccination,Cancelled,Fever and cough,R263,2026-02-21
APT001638,PAT01092,DOC0116,2025-10-03 15:15,Follow-up,Completed,Skin rash,R271,2025-08-18
APT001639,PAT00217,DOC0009,2025-12-29 12:30,Emergency,Completed,Back pain,R197,2025-12-11
APT001640,PAT00430,DOC0093,2025-05-23 10:00,Annual Check-up,Completed,Skin rash,R151,2025-04-19
APT001641,PAT00905,DOC0063,2026-08-29 17:15,Follow-up,Cancelled,Skin rash,R484,2026-07-15
APT001642,PAT00515,DOC0111,2025-05-15 11:00,Follow-up,Cancelled,Pregnancy consultation,R826,2025-03-23
APT001643,PAT00521,DOC0081,2026-11-23 15:00,Consultation,Cancelled,Anxiety symptoms,R410,2026-10-04
APT001644,PAT01112,DOC0062,2026-05-20 09:45,Telehealth,No-show,Vaccination,R689,2026-05-07
APT001645,PAT00428,DOC0113,2025-08-29 11:45,Emergency,Completed,Back pain,R733,2025-08-25
APT001646,PAT00340,DOC0044,2026-04-24 14:45,Vaccination,Completed,Skin rash,R442,2026-03-14
APT001647,PAT01032,DOC0101,2026-01-03 12:15,Annual Check-up,Completed,Medication refill,R548,2025-11-18
APT001648,PAT00979,DOC0018,2026-02-19 11:00,Emergency,Cancelled,Ear pain,R508,2026-01-19
APT001649,PAT00257,DOC0085,2026-08-22 11:30,Lab Review,Cancelled,Skin rash,R427,2026-07-05
APT001650,PAT00765,DOC0011,2026-08-23 16:15,Follow-up,Scheduled,Pregnancy consultation,R459,2026-08-22
APT001651,PAT00218,DOC0069,2025-07-07 15:45,Telehealth,Completed,Diabetes follow-up,R277,2025-06-01
APT001652,PAT00843,DOC0025,2026-08-27 14:15,Lab Review,Scheduled,Chest discomfort,R274,2026-07-07
APT001653,PAT00333,DOC0032,2025-10-08 10:30,Follow-up,Cancelled,Anxiety symptoms,R709,2025-10-07
APT001654,PAT00028,DOC0078,2026-12-21 16:45,Consultation,Scheduled,Diabetes follow-up,R238,2026-11-24
APT001655,PAT00817,DOC0001,2025-09-26 15:00,Telehealth,Completed,Anxiety symptoms,R299,2025-09-14
APT001656,PAT00137,DOC0062,2025-10-19 09:00,Vaccination,Completed,Ear pain,R177,2025-10-15
APT001657,PAT00173,DOC0074,2025-08-13 12:30,Vaccination,Completed,Medication refill,R735,2025-08-01
APT001658,PAT00276,DOC0021,2025-11-02 17:00,Follow-up,Cancelled,Routine check-up,R492,2025-09-08
APT001659,PAT00012,DOC0089,2025-02-17 16:00,Follow-up,Cancelled,Joint pain,R573,2025-01-16
APT001660,PAT00077,DOC0042,2026-02-14 14:45,Annual Check-up,No-show,Routine check-up,R529,2025-12-22
APT001661,PAT00113,DOC0061,2026-03-23 11:45,Annual Check-up,Completed,Skin rash,R639,2026-02-05
APT001662,PAT00725,DOC0002,2025-01-16 15:15,Follow-up,Completed,Vaccination,R378,2024-12-19
APT001663,PAT00185,DOC0057,2026-03-12 11:15,Follow-up,Completed,Chest discomfort,R303,2026-01-20
APT001664,PAT00841,DOC0015,2025-01-13 14:30,Telehealth,Completed,Ear pain,R407,2025-01-04
APT001665,PAT00410,DOC0092,2025-04-12 16:30,Consultation,Completed,Skin rash,R867,2025-03-30
APT001666,PAT00942,DOC0023,2026-04-21 17:45,Telehealth,Completed,Pregnancy consultation,R531,2026-02-22
APT001667,PAT00065,DOC0055,2026-12-11 12:30,Vaccination,Scheduled,Anxiety symptoms,R147,2026-10-19
APT001668,PAT00569,DOC0113,2026-03-15 10:45,Consultation,Completed,Back pain,R624,2026-02-07
APT001669,PAT00904,DOC0003,2025-03-30 17:15,Annual Check-up,Completed,Diabetes follow-up,R288,2025-03-27
APT001670,PAT00346,DOC0037,2026-07-28 12:45,Consultation,Scheduled,Skin rash,R888,2026-06-26
APT001671,PAT00345,DOC0029,2025-10-03 15:45,Lab Review,Completed,Medication refill,R302,2025-08-31
APT001672,PAT00797,DOC0074,2025-09-19 17:00,Lab Review,Completed,Diabetes follow-up,R401,2025-07-31
APT001673,PAT01098,DOC0048,2025-08-19 16:15,Vaccination,Cancelled,Headache,R143,2025-08-01
APT001674,PAT00958,DOC0023,2025-07-22 16:30,Consultation,No-show,Routine check-up,R104,2025-06-13
APT001675,PAT00695,DOC0030,2026-05-28 15:30,Emergency,No-show,Vaccination,R279,2026-05-22
APT001676,PAT00801,DOC0093,2025-10-13 12:30,Vaccination,Cancelled,Medication refill,R117,2025-08-20
APT001677,PAT00067,DOC0075,2025-08-14 17:00,Telehealth,No-show,Skin rash,R152,2025-07-25
APT001678,PAT01001,DOC0109,2026-10-26 16:00,Vaccination,Scheduled,Skin rash,R636,2026-10-09
APT001679,PAT00565,DOC0028,2026-04-14 09:45,Consultation,Scheduled,Ear pain,R656,2026-02-24
APT001680,PAT00925,DOC0108,2026-10-30 15:45,Follow-up,Scheduled,Skin rash,R796,2026-09-03
APT001681,PAT00795,DOC0097,2025-08-28 16:00,Emergency,No-show,Back pain,R811,2025-08-22
APT001682,PAT01064,DOC0048,2026-06-14 09:00,Telehealth,Scheduled,Diabetes follow-up,R813,2026-06-03
APT001683,PAT01182,DOC0108,2025-04-23 09:30,Annual Check-up,Completed,Back pain,R566,2025-03-12
APT001684,PAT01152,DOC0050,2025-01-21 14:15,Lab Review,Scheduled,Back pain,R539,2025-01-18
APT001685,PAT00692,DOC0116,2025-02-07 12:15,Telehealth,Completed,Vaccination,R707,2025-01-05
APT001686,PAT00504,DOC0028,2025-01-28 16:45,Annual Check-up,Scheduled,Chest discomfort,R317,2025-01-26
APT001687,PAT00829,DOC0061,2026-12-19 10:15,Telehealth,Scheduled,Diabetes follow-up,R521,2026-10-23
APT001688,PAT00974,DOC0117,2026-08-12 14:00,Telehealth,Cancelled,Anxiety symptoms,R621,2026-07-01
APT001689,PAT01039,DOC0056,2025-12-03 12:30,Lab Review,Cancelled,Chest discomfort,R148,2025-11-08
APT001690,PAT00965,DOC0097,2025-07-30 16:15,Lab Review,No-show,Skin rash,R274,2025-06-15
APT001691,PAT01055,DOC0089,2026-09-25 17:45,Lab Review,Scheduled,Fever and cough,R753,2026-09-04
APT001692,PAT00045,DOC0109,2026-11-18 14:15,Telehealth,Cancelled,Diabetes follow-up,R161,2026-11-01
APT001693,PAT01149,DOC0055,2026-12-18 10:45,Consultation,Scheduled,Chest discomfort,R517,2026-11-22
APT001694,PAT00422,DOC0024,2025-03-04 10:45,Vaccination,Completed,Medication refill,R793,2025-01-05
APT001695,PAT00031,DOC0061,2025-07-16 11:00,Lab Review,Cancelled,Chest discomfort,R650,2025-05-17
APT001696,PAT00328,DOC0063,2025-05-03 11:45,Lab Review,Completed,Ear pain,R309,2025-03-14
APT001697,PAT00478,DOC0060,2025-04-03 17:00,Lab Review,Scheduled,Pregnancy consultation,R416,2025-02-22
APT001698,PAT00538,DOC0022,2026-02-19 14:15,Annual Check-up,Completed,Fever and cough,R813,2026-01-12
APT001699,PAT01097,DOC0088,2026-11-12 12:00,Emergency,Scheduled,Chest discomfort,R804,2026-10-02
APT001700,PAT00040,DOC0015,2025-10-17 15:45,Telehealth,Completed,Vaccination,R714,2025-10-05
APT001701,PAT00131,DOC0079,2025-12-15 17:15,Emergency,Completed,Fever and cough,R722,2025-11-11
APT001702,PAT00333,DOC0035,2025-08-26 14:15,Annual Check-up,Completed,Medication refill,R251,2025-07-06
APT001703,PAT00155,DOC0060,2026-07-06 10:45,Telehealth,Scheduled,Vaccination,R750,2026-06-11
APT001704,PAT00556,DOC0085,2025-08-16 10:30,Vaccination,No-show,Joint pain,R694,2025-06-21
APT001705,PAT00107,DOC0014,2026-01-24 14:15,Vaccination,No-show,Joint pain,R196,2026-01-02
APT001706,PAT00004,DOC0026,2026-04-05 09:00,Vaccination,Completed,Vaccination,R260,2026-03-09
APT001707,PAT00612,DOC0006,2026-04-02 09:15,Annual Check-up,Cancelled,Fever and cough,R653,2026-03-30
APT001708,PAT01061,DOC0082,2025-03-09 17:15,Vaccination,Completed,Headache,R270,2025-01-29
APT001709,PAT00850,DOC0071,2025-06-28 14:30,Emergency,Cancelled,Lab results review,R871,2025-06-26
APT001710,PAT00040,DOC0059,2025-05-31 15:15,Telehealth,No-show,Chest discomfort,R747,2025-05-13
APT001711,PAT00182,DOC0010,2026-03-06 09:45,Annual Check-up,Cancelled,Joint pain,R216,2026-01-18
APT001712,PAT00789,DOC0110,2025-04-23 11:45,Follow-up,Scheduled,Headache,R116,2025-03-18
APT001713,PAT00068,DOC0068,2025-05-17 09:15,Telehealth,Completed,Anxiety symptoms,R159,2025-04-06
APT001714,PAT00359,DOC0119,2026-03-08 12:30,Follow-up,Completed,Skin rash,R434,2026-01-15
APT001715,PAT00782,DOC0081,2026-10-29 11:30,Lab Review,Cancelled,Back pain,R597,2026-09-01
APT001716,PAT00013,DOC0011,2025-07-02 09:30,Annual Check-up,No-show,Medication refill,R247,2025-06-12
APT001717,PAT00333,DOC0085,2026-01-18 12:45,Vaccination,Completed,Anxiety symptoms,R193,2025-11-19
APT001718,PAT00320,DOC0029,2026-04-15 15:15,Vaccination,Completed,Fever and cough,R373,2026-03-09
APT001719,PAT00925,DOC0052,2026-12-23 09:15,Lab Review,Cancelled,Anxiety symptoms,R560,2026-12-22
APT001720,PAT00271,DOC0118,2025-10-28 12:45,Lab Review,Completed,Back pain,R884,2025-08-31
APT001721,PAT00632,DOC0006,2025-12-27 15:15,Emergency,Scheduled,Ear pain,R614,2025-11-08
APT001722,PAT00163,DOC0090,2026-06-30 17:30,Consultation,Cancelled,Medication refill,R349,2026-05-05
APT001723,PAT00820,DOC0106,2026-12-20 14:15,Vaccination,Cancelled,Routine check-up,R563,2026-11-18
APT001724,PAT00510,DOC0067,2026-01-14 14:45,Follow-up,Completed,Headache,R231,2025-12-30
APT001725,PAT00877,DOC0005,2026-01-26 16:45,Vaccination,Cancelled,Anxiety symptoms,R518,2026-01-07
APT001726,PAT01199,DOC0010,2025-05-13 15:30,Lab Review,Scheduled,Anxiety symptoms,R783,2025-03-16
APT001727,PAT00357,DOC0018,2025-02-21 14:15,Telehealth,Cancelled,Anxiety symptoms,R289,2025-02-10
APT001728,PAT00842,DOC0073,2026-09-27 11:00,Consultation,Scheduled,Headache,R565,2026-07-29
APT001729,PAT01166,DOC0075,2026-02-22 11:15,Telehealth,Completed,Joint pain,R725,2026-01-15
APT001730,PAT00317,DOC0076,2026-09-10 12:15,Telehealth,Cancelled,Back pain,R510,2026-08-05
APT001731,PAT01055,DOC0060,2026-12-29 17:45,Lab Review,Scheduled,Anxiety symptoms,R545,2026-12-28
APT001732,PAT00617,DOC0016,2025-09-10 14:15,Lab Review,Cancelled,Fever and cough,R358,2025-07-14
APT001733,PAT00506,DOC0013,2025-12-02 12:15,Consultation,Cancelled,Medication refill,R259,2025-11-23
APT001734,PAT00825,DOC0002,2025-01-31 09:00,Consultation,Completed,Skin rash,R769,2024-12-19
APT001735,PAT00956,DOC0120,2026-02-13 11:00,Annual Check-up,Completed,Medication refill,R768,2026-01-01
APT001736,PAT00465,DOC0110,2025-02-04 14:00,Consultation,Completed,Blood pressure review,R118,2025-01-21
APT001737,PAT01058,DOC0104,2026-08-12 17:30,Telehealth,Cancelled,Diabetes follow-up,R236,2026-08-09
APT001738,PAT01107,DOC0056,2026-10-22 15:45,Lab Review,Cancelled,Skin rash,R784,2026-09-07
APT001739,PAT00278,DOC0038,2025-01-12 15:15,Follow-up,Cancelled,Fever and cough,R340,2024-12-21
APT001740,PAT00476,DOC0004,2026-08-07 17:45,Vaccination,Scheduled,Headache,R368,2026-07-02
APT001741,PAT00821,DOC0017,2026-08-06 09:30,Consultation,Scheduled,Headache,R188,2026-07-06
APT001742,PAT00747,DOC0032,2026-10-06 09:45,Consultation,Scheduled,Anxiety symptoms,R639,2026-09-08
APT001743,PAT01172,DOC0043,2026-05-07 11:30,Emergency,Completed,Lab results review,R354,2026-03-17
APT001744,PAT00630,DOC0063,2025-09-21 10:15,Consultation,Completed,Back pain,R773,2025-09-08
APT001745,PAT00988,DOC0085,2026-09-26 15:45,Telehealth,Scheduled,Routine check-up,R602,2026-08-25
APT001746,PAT00403,DOC0083,2025-06-23 10:45,Follow-up,Completed,Back pain,R530,2025-06-17
APT001747,PAT01179,DOC0098,2026-11-11 11:00,Lab Review,Scheduled,Diabetes follow-up,R737,2026-09-24
APT001748,PAT01196,DOC0077,2025-03-14 12:45,Telehealth,Completed,Blood pressure review,R142,2025-03-01
APT001749,PAT00611,DOC0094,2025-07-08 14:30,Emergency,Scheduled,Skin rash,R664,2025-05-30
APT001750,PAT00001,DOC0100,2025-10-05 17:45,Annual Check-up,Scheduled,Fever and cough,R648,2025-09-08
APT001751,PAT00264,DOC0100,2025-08-19 15:00,Annual Check-up,Completed,Joint pain,R582,2025-07-23
APT001752,PAT00659,DOC0010,2026-09-15 10:45,Vaccination,Cancelled,Chest discomfort,R466,2026-09-09
APT001753,PAT00990,DOC0089,2025-09-02 11:30,Emergency,Completed,Routine check-up,R493,2025-08-20
APT001754,PAT00524,DOC0005,2026-09-12 10:30,Emergency,Scheduled,Pregnancy consultation,R658,2026-07-26
APT001755,PAT00162,DOC0094,2025-04-08 15:45,Annual Check-up,Completed,Skin rash,R735,2025-03-13
APT001756,PAT00750,DOC0032,2026-09-09 10:45,Lab Review,Scheduled,Fever and cough,R585,2026-09-08
APT001757,PAT00104,DOC0037,2025-01-12 12:00,Emergency,Completed,Ear pain,R420,2025-01-04
APT001758,PAT01106,DOC0036,2025-01-19 12:15,Lab Review,Completed,Diabetes follow-up,R653,2025-01-17
APT001759,PAT00429,DOC0076,2026-01-27 16:15,Annual Check-up,No-show,Medication refill,R141,2026-01-11
APT001760,PAT01053,DOC0048,2026-07-12 16:30,Consultation,Cancelled,Chest discomfort,R776,2026-06-13
APT001761,PAT01094,DOC0070,2025-01-13 11:45,Vaccination,Completed,Back pain,R815,2024-12-22
APT001762,PAT00186,DOC0116,2026-01-27 14:45,Follow-up,Cancelled,Ear pain,R309,2025-12-11
APT001763,PAT00485,DOC0044,2026-03-04 11:15,Vaccination,Completed,Fever and cough,R580,2026-02-12
APT001764,PAT00540,DOC0109,2025-01-22 09:45,Vaccination,Completed,Vaccination,R838,2024-12-14
APT001765,PAT01144,DOC0062,2025-02-13 11:00,Consultation,No-show,Chest discomfort,R714,2024-12-30
APT001766,PAT00190,DOC0070,2026-12-11 14:15,Annual Check-up,Scheduled,Routine check-up,R249,2026-10-20
APT001767,PAT00799,DOC0049,2025-04-13 10:30,Vaccination,Completed,Pregnancy consultation,R447,2025-03-08
APT001768,PAT00097,DOC0044,2025-06-16 16:15,Consultation,No-show,Diabetes follow-up,R215,2025-05-08
APT001769,PAT00826,DOC0005,2025-10-30 17:15,Emergency,Completed,Diabetes follow-up,R332,2025-09-21
APT001770,PAT00964,DOC0087,2025-01-08 17:45,Annual Check-up,Completed,Skin rash,R386,2024-12-20
APT001771,PAT00984,DOC0093,2026-12-16 09:15,Consultation,Scheduled,Joint pain,R555,2026-10-28
APT001772,PAT00131,DOC0038,2026-02-04 10:30,Vaccination,Completed,Ear pain,R379,2026-01-08
APT001773,PAT00996,DOC0103,2026-02-01 16:15,Follow-up,Scheduled,Lab results review,R355,2026-01-11
APT001774,PAT01181,DOC0049,2025-01-03 15:15,Annual Check-up,Completed,Fever and cough,R494,2024-12-29
APT001775,PAT01095,DOC0039,2025-01-17 11:30,Telehealth,Cancelled,Vaccination,R107,2025-01-03
APT001776,PAT00796,DOC0067,2026-02-15 09:30,Telehealth,Completed,Joint pain,R343,2026-02-12
APT001777,PAT00812,DOC0051,2025-09-02 16:00,Follow-up,Completed,Back pain,R849,2025-07-30
APT001778,PAT00180,DOC0083,2026-10-11 16:30,Vaccination,Cancelled,Lab results review,R702,2026-10-03
APT001779,PAT00023,DOC0111,2025-08-10 09:00,Lab Review,Completed,Diabetes follow-up,R859,2025-07-25
APT001780,PAT00060,DOC0019,2026-01-09 11:00,Emergency,Completed,Anxiety symptoms,R262,2025-11-25
APT001781,PAT00410,DOC0099,2026-04-17 15:45,Emergency,Cancelled,Ear pain,R337,2026-02-21
APT001782,PAT00230,DOC0074,2026-10-27 11:45,Annual Check-up,Cancelled,Fever and cough,R647,2026-09-29
APT001783,PAT00089,DOC0018,2026-04-20 15:45,Annual Check-up,Completed,Joint pain,R430,2026-04-03
APT001784,PAT00560,DOC0081,2026-08-28 11:00,Vaccination,Cancelled,Back pain,R720,2026-08-09
APT001785,PAT00585,DOC0119,2025-12-04 12:00,Consultation,Cancelled,Routine check-up,R746,2025-10-29
APT001786,PAT00248,DOC0092,2026-07-16 16:30,Follow-up,Cancelled,Chest discomfort,R391,2026-05-20
APT001787,PAT00580,DOC0098,2025-12-05 16:45,Vaccination,Completed,Diabetes follow-up,R803,2025-11-11
APT001788,PAT00306,DOC0016,2026-05-21 17:00,Telehealth,No-show,Back pain,R490,2026-05-20
APT001789,PAT00481,DOC0104,2026-02-23 10:45,Emergency,Completed,Lab results review,R655,2026-01-26
APT001790,PAT00063,DOC0058,2025-01-11 14:45,Follow-up,No-show,Lab results review,R876,2024-12-15
APT001791,PAT00832,DOC0003,2025-05-15 12:30,Emergency,Completed,Medication refill,R617,2025-04-21
APT001792,PAT00056,DOC0010,2026-01-19 12:00,Follow-up,Scheduled,Routine check-up,R796,2025-12-03
APT001793,PAT00185,DOC0055,2026-05-24 10:30,Emergency,Completed,Headache,R640,2026-04-25
APT001794,PAT01172,DOC0008,2026-01-18 11:15,Consultation,Completed,Skin rash,R315,2026-01-02
APT001795,PAT00669,DOC0040,2026-03-29 14:00,Emergency,Scheduled,Ear pain,R850,2026-02-09
APT001796,PAT00749,DOC0028,2025-04-10 15:45,Emergency,Completed,Anxiety symptoms,R841,2025-03-11
APT001797,PAT00253,DOC0074,2025-03-23 16:45,Lab Review,Completed,Ear pain,R836,2025-02-25
APT001798,PAT01190,DOC0028,2026-03-16 15:45,Vaccination,Completed,Joint pain,R341,2026-03-03
APT001799,PAT00661,DOC0092,2026-09-14 17:30,Telehealth,Cancelled,Chest discomfort,R506,2026-08-09
APT001800,PAT00015,DOC0048,2026-12-05 17:00,Annual Check-up,Scheduled,Medication refill,R811,2026-11-04
APT001801,PAT00971,DOC0103,2025-04-01 14:15,Lab Review,Completed,Lab results review,R758,2025-03-25
APT001802,PAT01155,DOC0024,2025-06-17 09:30,Follow-up,Scheduled,Headache,R323,2025-06-04
APT001803,PAT00295,DOC0089,2026-12-25 17:15,Follow-up,Scheduled,Medication refill,R680,2026-10-30
APT001804,PAT00830,DOC0038,2025-09-23 09:15,Follow-up,Cancelled,Lab results review,R430,2025-09-07
APT001805,PAT00336,DOC0105,2026-02-09 17:45,Annual Check-up,Cancelled,Anxiety symptoms,R292,2026-01-23
APT001806,PAT00339,DOC0057,2026-04-30 12:15,Vaccination,No-show,Blood pressure review,R447,2026-03-19
APT001807,PAT00289,DOC0006,2025-05-20 12:15,Consultation,Cancelled,Fever and cough,R358,2025-04-05
APT001808,PAT00001,DOC0009,2026-03-10 12:15,Vaccination,Completed,Medication refill,R386,2026-02-19
APT001809,PAT00284,DOC0028,2025-11-01 17:00,Vaccination,Cancelled,Anxiety symptoms,R253,2025-09-05
APT001810,PAT00019,DOC0103,2026-11-20 17:30,Emergency,Scheduled,Lab results review,R376,2026-10-06
APT001811,PAT00701,DOC0017,2026-02-03 09:45,Vaccination,Scheduled,Back pain,R807,2025-12-26
APT001812,PAT00143,DOC0026,2026-07-19 12:00,Lab Review,Cancelled,Fever and cough,R503,2026-05-29
APT001813,PAT00583,DOC0032,2025-08-07 11:15,Annual Check-up,Scheduled,Medication refill,R843,2025-06-18
APT001814,PAT00309,DOC0117,2025-05-12 17:45,Follow-up,Scheduled,Vaccination,R309,2025-05-07
APT001815,PAT00849,DOC0114,2026-06-03 09:45,Annual Check-up,Completed,Headache,R590,2026-06-01
APT001816,PAT00908,DOC0001,2025-08-01 15:00,Lab Review,Scheduled,Blood pressure review,R136,2025-07-10
APT001817,PAT00642,DOC0022,2026-10-01 14:15,Annual Check-up,Scheduled,Chest discomfort,R139,2026-08-21
APT001818,PAT00969,DOC0102,2026-12-27 14:00,Consultation,Scheduled,Diabetes follow-up,R792,2026-11-15
APT001819,PAT00890,DOC0061,2026-01-11 11:45,Follow-up,Scheduled,Vaccination,R481,2025-12-05
APT001820,PAT00005,DOC0108,2026-03-17 11:00,Follow-up,Completed,Lab results review,R824,2026-02-19
APT001821,PAT00391,DOC0104,2026-06-05 15:45,Telehealth,Completed,Joint pain,R847,2026-05-31
APT001822,PAT00580,DOC0074,2026-04-04 14:30,Annual Check-up,Scheduled,Anxiety symptoms,R701,2026-03-21
APT001823,PAT00214,DOC0067,2025-08-11 17:30,Lab Review,Cancelled,Lab results review,R180,2025-07-25
APT001824,PAT01037,DOC0055,2025-02-05 15:30,Vaccination,Completed,Fever and cough,R820,2024-12-15
APT001825,PAT00426,DOC0019,2026-03-03 16:30,Follow-up,Completed,Blood pressure review,R864,2026-02-16
APT001826,PAT00527,DOC0115,2026-01-26 10:15,Annual Check-up,Completed,Routine check-up,R662,2025-12-19
APT001827,PAT01093,DOC0104,2026-10-29 10:00,Vaccination,Scheduled,Back pain,R448,2026-10-14
APT001828,PAT00516,DOC0003,2025-01-05 10:15,Telehealth,Scheduled,Chest discomfort,R860,2024-11-21
APT001829,PAT00335,DOC0018,2025-07-17 14:45,Lab Review,Completed,Skin rash,R753,2025-07-06
APT001830,PAT00699,DOC0051,2026-04-18 17:00,Lab Review,Cancelled,Lab results review,R614,2026-03-15
APT001831,PAT00290,DOC0117,2025-05-12 12:45,Vaccination,No-show,Pregnancy consultation,R765,2025-04-11
APT001832,PAT00119,DOC0043,2026-11-05 14:00,Telehealth,Scheduled,Headache,R815,2026-10-31
APT001833,PAT00410,DOC0090,2025-09-19 15:45,Annual Check-up,Scheduled,Skin rash,R689,2025-08-11
APT001834,PAT01099,DOC0112,2025-10-05 16:00,Emergency,No-show,Medication refill,R628,2025-09-07
APT001835,PAT00909,DOC0080,2025-10-03 16:15,Vaccination,No-show,Joint pain,R348,2025-10-02
APT001836,PAT00911,DOC0020,2025-07-26 16:00,Consultation,Cancelled,Fever and cough,R688,2025-05-30
APT001837,PAT00289,DOC0054,2025-03-27 16:45,Consultation,Completed,Diabetes follow-up,R529,2025-03-06
APT001838,PAT00730,DOC0116,2025-11-23 17:45,Telehealth,Completed,Skin rash,R782,2025-09-24
APT001839,PAT01071,DOC0052,2025-11-27 15:30,Emergency,Scheduled,Joint pain,R203,2025-11-15
APT001840,PAT00522,DOC0061,2026-03-18 14:00,Telehealth,Completed,Fever and cough,R637,2026-02-17
APT001841,PAT00692,DOC0067,2026-03-01 11:30,Emergency,Completed,Chest discomfort,R174,2026-02-02
APT001842,PAT00784,DOC0046,2025-09-19 15:00,Emergency,Completed,Diabetes follow-up,R410,2025-09-02
APT001843,PAT00141,DOC0099,2026-06-09 17:30,Lab Review,Completed,Fever and cough,R307,2026-05-27
APT001844,PAT01084,DOC0053,2026-07-02 16:00,Lab Review,Scheduled,Pregnancy consultation,R582,2026-05-07
APT001845,PAT00086,DOC0094,2025-03-07 17:00,Follow-up,Scheduled,Blood pressure review,R147,2025-01-09
APT001846,PAT00611,DOC0104,2025-10-02 11:15,Telehealth,No-show,Pregnancy consultation,R163,2025-09-20
APT001847,PAT00093,DOC0103,2026-12-12 15:00,Vaccination,Cancelled,Pregnancy consultation,R329,2026-12-10
APT001848,PAT00570,DOC0096,2025-03-12 12:30,Consultation,Cancelled,Chest discomfort,R698,2025-01-21
APT001849,PAT00888,DOC0082,2025-03-09 17:45,Telehealth,Cancelled,Lab results review,R239,2025-01-14
APT001850,PAT00559,DOC0044,2025-06-06 14:00,Telehealth,Completed,Blood pressure review,R725,2025-05-19
APT001851,PAT01079,DOC0002,2025-11-02 15:00,Emergency,Completed,Vaccination,R872,2025-09-13
APT001852,PAT00774,DOC0097,2026-12-09 17:30,Emergency,Cancelled,Pregnancy consultation,R611,2026-10-29
APT001853,PAT00457,DOC0074,2025-09-15 09:30,Lab Review,No-show,Anxiety symptoms,R662,2025-09-12
APT001854,PAT00288,DOC0085,2026-03-19 09:15,Emergency,Cancelled,Ear pain,R377,2026-03-09
APT001855,PAT00091,DOC0103,2025-08-27 10:30,Vaccination,Cancelled,Joint pain,R882,2025-08-18
APT001856,PAT00681,DOC0067,2025-10-15 09:45,Follow-up,Completed,Blood pressure review,R142,2025-09-30
APT001857,PAT00198,DOC0073,2026-03-27 17:45,Telehealth,Cancelled,Skin rash,R572,2026-03-03
APT001858,PAT00749,DOC0015,2026-11-04 14:00,Emergency,Cancelled,Pregnancy consultation,R804,2026-10-01
APT001859,PAT00326,DOC0026,2025-01-04 11:30,Vaccination,No-show,Medication refill,R506,2024-11-20
APT001860,PAT01054,DOC0104,2025-10-11 10:45,Annual Check-up,Completed,Diabetes follow-up,R885,2025-09-26
APT001861,PAT00345,DOC0115,2026-03-16 09:30,Telehealth,Cancelled,Ear pain,R834,2026-02-04
APT001862,PAT00574,DOC0022,2026-04-16 16:45,Follow-up,Cancelled,Skin rash,R202,2026-02-20
APT001863,PAT00909,DOC0025,2026-12-18 09:45,Follow-up,Cancelled,Headache,R773,2026-11-06
APT001864,PAT00178,DOC0048,2025-04-05 10:45,Follow-up,Cancelled,Pregnancy consultation,R402,2025-02-14
APT001865,PAT00301,DOC0114,2026-01-26 15:30,Telehealth,Completed,Anxiety symptoms,R738,2025-12-21
APT001866,PAT00048,DOC0120,2026-03-07 11:15,Annual Check-up,Scheduled,Diabetes follow-up,R248,2026-02-20
APT001867,PAT00971,DOC0016,2026-04-07 09:15,Follow-up,Completed,Joint pain,R583,2026-02-22
APT001868,PAT01174,DOC0008,2025-02-06 16:30,Lab Review,Completed,Lab results review,R832,2025-01-02
APT001869,PAT00918,DOC0008,2026-11-19 14:45,Annual Check-up,Scheduled,Vaccination,R366,2026-11-14
APT001870,PAT00912,DOC0054,2026-05-24 15:30,Vaccination,Cancelled,Blood pressure review,R180,2026-04-01
APT001871,PAT01116,DOC0070,2026-10-02 09:45,Vaccination,Scheduled,Ear pain,R168,2026-09-09
APT001872,PAT01195,DOC0009,2025-11-25 17:00,Emergency,Cancelled,Pregnancy consultation,R479,2025-10-23
APT001873,PAT00800,DOC0022,2026-02-19 12:30,Telehealth,Cancelled,Pregnancy consultation,R521,2026-02-05
APT001874,PAT01076,DOC0003,2025-06-09 09:45,Follow-up,Completed,Headache,R344,2025-05-02
APT001875,PAT00818,DOC0088,2025-04-22 11:00,Lab Review,No-show,Joint pain,R784,2025-03-14
APT001876,PAT00058,DOC0081,2025-12-08 10:00,Annual Check-up,Cancelled,Diabetes follow-up,R653,2025-11-04
APT001877,PAT00793,DOC0109,2026-11-03 10:15,Lab Review,Cancelled,Lab results review,R601,2026-11-02
APT001878,PAT00823,DOC0050,2026-09-03 09:00,Follow-up,Cancelled,Fever and cough,R325,2026-08-03
APT001879,PAT00301,DOC0076,2026-07-23 11:45,Follow-up,Scheduled,Pregnancy consultation,R382,2026-05-26
APT001880,PAT01048,DOC0085,2026-03-24 14:45,Follow-up,Completed,Joint pain,R831,2026-03-03
APT001881,PAT00091,DOC0054,2026-05-18 15:45,Telehealth,Cancelled,Pregnancy consultation,R632,2026-03-28
APT001882,PAT00462,DOC0025,2025-12-13 15:45,Telehealth,Scheduled,Fever and cough,R342,2025-10-26
APT001883,PAT00208,DOC0099,2025-06-24 12:00,Emergency,Completed,Back pain,R748,2025-06-21
APT001884,PAT00652,DOC0057,2026-11-24 09:30,Vaccination,Scheduled,Diabetes follow-up,R590,2026-10-15
APT001885,PAT00456,DOC0067,2025-10-08 14:30,Emergency,Completed,Fever and cough,R622,2025-09-03
APT001886,PAT00429,DOC0014,2025-03-20 14:00,Consultation,Scheduled,Skin rash,R768,2025-01-20
APT001887,PAT00210,DOC0097,2025-06-06 12:30,Follow-up,Completed,Lab results review,R511,2025-05-02
APT001888,PAT00910,DOC0015,2025-11-29 16:00,Vaccination,Completed,Ear pain,R755,2025-10-31
APT001889,PAT00923,DOC0080,2026-04-03 09:15,Emergency,No-show,Blood pressure review,R897,2026-02-21
APT001890,PAT00547,DOC0046,2026-03-13 14:30,Vaccination,Scheduled,Headache,R401,2026-03-11
APT001891,PAT00475,DOC0105,2026-03-10 16:30,Consultation,Completed,Lab results review,R543,2026-02-24
APT001892,PAT00276,DOC0079,2025-11-23 17:15,Vaccination,Scheduled,Medication refill,R778,2025-11-09
APT001893,PAT00244,DOC0046,2026-08-20 17:30,Vaccination,Scheduled,Vaccination,R821,2026-07-08
APT001894,PAT00302,DOC0085,2026-03-26 12:00,Vaccination,Scheduled,Pregnancy consultation,R893,2026-02-06
APT001895,PAT00427,DOC0091,2025-02-08 11:00,Emergency,Cancelled,Back pain,R823,2024-12-27
APT001896,PAT00624,DOC0083,2025-06-17 12:15,Consultation,Completed,Diabetes follow-up,R485,2025-04-23
APT001897,PAT00764,DOC0009,2026-07-18 15:30,Telehealth,Cancelled,Pregnancy consultation,R499,2026-07-16
APT001898,PAT00956,DOC0117,2025-08-01 14:30,Lab Review,Scheduled,Medication refill,R583,2025-06-16
APT001899,PAT00522,DOC0050,2025-06-30 10:30,Vaccination,No-show,Ear pain,R466,2025-05-26
APT001900,PAT00581,DOC0084,2025-03-26 17:30,Consultation,Cancelled,Ear pain,R535,2025-03-21
APT001901,PAT00906,DOC0001,2025-12-11 09:15,Consultation,Completed,Joint pain,R626,2025-10-29
APT001902,PAT00193,DOC0052,2026-08-02 10:30,Lab Review,Scheduled,Joint pain,R882,2026-07-13
APT001903,PAT00561,DOC0086,2026-05-07 16:00,Emergency,Cancelled,Ear pain,R676,2026-04-23
APT001904,PAT00998,DOC0104,2026-04-06 14:00,Vaccination,Completed,Ear pain,R837,2026-02-09
APT001905,PAT00257,DOC0069,2026-02-19 14:15,Lab Review,Completed,Blood pressure review,R256,2026-01-22
APT001906,PAT00713,DOC0120,2025-01-31 16:15,Follow-up,Cancelled,Routine check-up,R526,2025-01-06
APT001907,PAT00927,DOC0059,2025-05-07 16:45,Consultation,Scheduled,Headache,R102,2025-04-28
APT001908,PAT00642,DOC0096,2026-02-08 12:30,Follow-up,Completed,Diabetes follow-up,R232,2026-01-30
APT001909,PAT00451,DOC0035,2026-09-21 09:00,Telehealth,Cancelled,Joint pain,R534,2026-08-16
APT001910,PAT00453,DOC0115,2026-03-08 17:30,Consultation,No-show,Anxiety symptoms,R197,2026-02-05
APT001911,PAT00927,DOC0079,2025-03-15 15:15,Emergency,Completed,Chest discomfort,R514,2025-03-07
APT001912,PAT00562,DOC0038,2025-01-28 11:15,Consultation,Completed,Blood pressure review,R569,2025-01-08
APT001913,PAT00810,DOC0117,2026-01-05 16:30,Lab Review,Scheduled,Diabetes follow-up,R154,2025-12-28
APT001914,PAT01126,DOC0050,2025-09-10 17:15,Consultation,Completed,Headache,R682,2025-08-03
APT001915,PAT00731,DOC0095,2026-10-21 16:30,Annual Check-up,Scheduled,Back pain,R288,2026-09-19
APT001916,PAT00899,DOC0049,2025-09-27 10:30,Consultation,Completed,Anxiety symptoms,R322,2025-07-29
APT001917,PAT01122,DOC0042,2025-01-03 11:30,Annual Check-up,Completed,Back pain,R840,2024-12-20
APT001918,PAT00556,DOC0100,2025-10-23 14:45,Follow-up,Completed,Vaccination,R647,2025-08-25
APT001919,PAT01098,DOC0030,2026-08-10 09:30,Consultation,Scheduled,Vaccination,R359,2026-06-11
APT001920,PAT00740,DOC0036,2026-01-23 10:30,Emergency,Scheduled,Chest discomfort,R695,2025-11-30
APT001921,PAT00406,DOC0020,2026-01-02 10:00,Lab Review,No-show,Skin rash,R703,2025-12-03
APT001922,PAT01078,DOC0067,2026-04-23 15:15,Lab Review,Completed,Routine check-up,R805,2026-04-22
APT001923,PAT00593,DOC0002,2026-08-21 15:30,Annual Check-up,Scheduled,Blood pressure review,R546,2026-07-24
APT001924,PAT00195,DOC0066,2025-07-18 09:30,Consultation,Completed,Pregnancy consultation,R203,2025-06-01
APT001925,PAT01098,DOC0062,2025-09-07 10:30,Consultation,Cancelled,Blood pressure review,R433,2025-09-01
APT001926,PAT00133,DOC0033,2025-08-23 16:45,Follow-up,Scheduled,Pregnancy consultation,R747,2025-08-16
APT001927,PAT00031,DOC0063,2026-07-16 10:45,Annual Check-up,Cancelled,Routine check-up,R516,2026-06-05
APT001928,PAT01075,DOC0041,2026-03-10 14:15,Lab Review,Scheduled,Back pain,R155,2026-02-11
APT001929,PAT01123,DOC0084,2025-01-03 11:45,Annual Check-up,Cancelled,Lab results review,R303,2024-12-18
APT001930,PAT00148,DOC0048,2025-09-27 11:15,Consultation,Scheduled,Fever and cough,R155,2025-09-15
APT001931,PAT00400,DOC0007,2025-07-09 16:30,Emergency,No-show,Chest discomfort,R813,2025-07-07
APT001932,PAT00669,DOC0118,2025-05-22 11:30,Consultation,Completed,Ear pain,R397,2025-04-01
APT001933,PAT00315,DOC0004,2026-02-18 16:45,Emergency,Completed,Fever and cough,R178,2026-02-01
APT001934,PAT00655,DOC0095,2026-08-26 11:00,Follow-up,Scheduled,Routine check-up,R311,2026-07-02
APT001935,PAT01064,DOC0019,2025-05-12 11:15,Consultation,Completed,Skin rash,R428,2025-04-27
APT001936,PAT00268,DOC0024,2026-11-12 11:00,Annual Check-up,Scheduled,Back pain,R129,2026-11-05
APT001937,PAT00095,DOC0109,2025-03-19 10:15,Emergency,Cancelled,Skin rash,R315,2025-03-04
APT001938,PAT01180,DOC0013,2025-07-17 12:15,Vaccination,Completed,Back pain,R488,2025-07-09
APT001939,PAT00440,DOC0021,2025-09-07 14:30,Annual Check-up,Scheduled,Lab results review,R391,2025-08-16
APT001940,PAT00259,DOC0028,2025-11-08 11:45,Vaccination,Completed,Skin rash,R554,2025-10-11
APT001941,PAT00011,DOC0023,2025-09-28 16:45,Follow-up,Completed,Blood pressure review,R864,2025-09-24
APT001942,PAT01195,DOC0046,2025-09-11 16:45,Telehealth,No-show,Chest discomfort,R741,2025-07-15
APT001943,PAT00497,DOC0036,2026-11-09 15:15,Emergency,Scheduled,Anxiety symptoms,R515,2026-09-16
APT001944,PAT00189,DOC0043,2026-12-06 11:45,Vaccination,Scheduled,Headache,R168,2026-11-18
APT001945,PAT01000,DOC0098,2026-02-04 11:30,Lab Review,Completed,Medication refill,R755,2026-01-02
APT001946,PAT00125,DOC0080,2026-03-03 16:30,Telehealth,Completed,Routine check-up,R479,2026-02-16
APT001947,PAT00511,DOC0052,2026-08-19 15:15,Lab Review,Scheduled,Skin rash,R504,2026-07-22
APT001948,PAT00651,DOC0086,2025-08-27 15:15,Annual Check-up,Cancelled,Pregnancy consultation,R806,2025-07-13
APT001949,PAT00836,DOC0017,2026-10-12 15:15,Annual Check-up,Scheduled,Diabetes follow-up,R874,2026-09-17
APT001950,PAT01012,DOC0119,2026-08-30 11:30,Consultation,Scheduled,Routine check-up,R261,2026-07-19
APT001951,PAT00938,DOC0111,2026-10-23 16:15,Follow-up,Cancelled,Ear pain,R432,2026-10-05
APT001952,PAT00436,DOC0085,2025-10-21 16:30,Telehealth,No-show,Pregnancy consultation,R353,2025-09-08
APT001953,PAT01184,DOC0004,2026-02-27 10:45,Follow-up,Cancelled,Ear pain,R404,2026-01-21
APT001954,PAT00964,DOC0076,2026-10-17 12:00,Lab Review,Scheduled,Headache,R330,2026-09-03
APT001955,PAT01025,DOC0011,2025-04-14 16:15,Consultation,Scheduled,Ear pain,R130,2025-03-29
APT001956,PAT00048,DOC0064,2025-08-02 17:15,Telehealth,Completed,Headache,R808,2025-07-22
APT001957,PAT00009,DOC0013,2025-10-08 16:45,Consultation,No-show,Pregnancy consultation,R670,2025-08-11
APT001958,PAT00287,DOC0050,2025-10-09 12:00,Emergency,Completed,Diabetes follow-up,R508,2025-08-19
APT001959,PAT00403,DOC0076,2025-11-01 17:45,Annual Check-up,Completed,Diabetes follow-up,R385,2025-09-08
APT001960,PAT00296,DOC0096,2026-08-16 11:45,Emergency,Scheduled,Lab results review,R869,2026-07-21
APT001961,PAT00421,DOC0118,2025-07-15 10:45,Vaccination,No-show,Diabetes follow-up,R703,2025-06-04
APT001962,PAT00616,DOC0002,2025-08-09 16:30,Consultation,No-show,Pregnancy consultation,R784,2025-08-01
APT001963,PAT00372,DOC0083,2026-02-28 16:30,Consultation,Scheduled,Anxiety symptoms,R736,2026-02-01
APT001964,PAT00925,DOC0087,2025-01-27 16:15,Follow-up,Completed,Blood pressure review,R715,2025-01-19
APT001965,PAT00068,DOC0014,2026-02-03 10:15,Consultation,Cancelled,Back pain,R217,2026-01-08
APT001966,PAT00506,DOC0073,2026-09-09 14:00,Follow-up,Scheduled,Medication refill,R338,2026-08-22
APT001967,PAT00557,DOC0028,2026-05-03 16:45,Annual Check-up,Completed,Chest discomfort,R381,2026-03-29
APT001968,PAT00206,DOC0037,2025-02-16 14:00,Consultation,Completed,Ear pain,R545,2025-01-15
APT001969,PAT00444,DOC0005,2025-03-17 14:00,Consultation,Scheduled,Routine check-up,R390,2025-02-07
APT001970,PAT00171,DOC0099,2025-01-26 09:30,Consultation,Completed,Chest discomfort,R255,2024-12-23
APT001971,PAT01151,DOC0107,2026-03-04 16:00,Consultation,Cancelled,Headache,R866,2026-02-27
APT001972,PAT00082,DOC0032,2025-10-26 11:00,Emergency,Completed,Lab results review,R614,2025-08-29
APT001973,PAT00675,DOC0039,2026-07-21 14:15,Follow-up,Scheduled,Fever and cough,R177,2026-06-23
APT001974,PAT00126,DOC0090,2026-05-05 10:45,Consultation,Cancelled,Lab results review,R311,2026-03-07
APT001975,PAT01114,DOC0049,2025-03-02 10:30,Consultation,Scheduled,Medication refill,R819,2025-01-04
APT001976,PAT00177,DOC0102,2026-05-23 10:15,Lab Review,Completed,Joint pain,R823,2026-05-16
APT001977,PAT01194,DOC0088,2025-11-13 09:15,Annual Check-up,Scheduled,Skin rash,R105,2025-11-02
APT001978,PAT01067,DOC0072,2026-11-02 10:30,Lab Review,Scheduled,Routine check-up,R647,2026-10-03
APT001979,PAT00613,DOC0041,2025-05-20 17:00,Follow-up,Cancelled,Medication refill,R547,2025-04-19
APT001980,PAT01045,DOC0048,2026-05-18 16:30,Follow-up,Scheduled,Lab results review,R720,2026-05-13
APT001981,PAT00490,DOC0071,2025-03-23 09:45,Consultation,Cancelled,Skin rash,R774,2025-02-26
APT001982,PAT00251,DOC0101,2026-08-15 14:15,Consultation,Scheduled,Blood pressure review,R457,2026-07-27
APT001983,PAT00099,DOC0010,2026-12-29 12:00,Emergency,Scheduled,Joint pain,R153,2026-12-02
APT001984,PAT00888,DOC0085,2025-07-09 16:00,Emergency,Cancelled,Headache,R453,2025-06-17
APT001985,PAT00343,DOC0042,2025-06-29 17:30,Consultation,Completed,Joint pain,R243,2025-05-19
APT001986,PAT00745,DOC0037,2026-05-14 10:45,Vaccination,Cancelled,Anxiety symptoms,R822,2026-04-04
APT001987,PAT00566,DOC0067,2026-06-23 15:45,Emergency,Cancelled,Headache,R619,2026-05-17
APT001988,PAT00453,DOC0008,2025-02-01 15:00,Annual Check-up,No-show,Anxiety symptoms,R849,2025-01-10
APT001989,PAT00887,DOC0058,2025-12-23 16:15,Lab Review,Completed,Back pain,R617,2025-12-04
APT001990,PAT00299,DOC0110,2025-07-08 17:00,Telehealth,Completed,Vaccination,R514,2025-06-29
APT001991,PAT00741,DOC0052,2026-01-11 09:30,Telehealth,Completed,Headache,R124,2025-11-29
APT001992,PAT00088,DOC0011,2025-10-29 14:00,Consultation,Completed,Lab results review,R488,2025-09-26
APT001993,PAT00863,DOC0111,2025-07-04 14:00,Vaccination,No-show,Medication refill,R556,2025-05-15
APT001994,PAT00211,DOC0113,2025-01-06 09:45,Vaccination,Cancelled,Headache,R161,2024-11-23
APT001995,PAT00557,DOC0103,2025-04-13 17:15,Consultation,Completed,Pregnancy consultation,R584,2025-03-17
APT001996,PAT00346,DOC0025,2026-05-29 10:00,Follow-up,No-show,Back pain,R244,2026-05-14
APT001997,PAT00293,DOC0071,2025-06-01 11:15,Emergency,Completed,Pregnancy consultation,R114,2025-04-27
APT001998,PAT00569,DOC0061,2025-12-01 11:15,Vaccination,Cancelled,Back pain,R710,2025-11-11
APT001999,PAT00066,DOC0001,2025-10-07 10:00,Emergency,Cancelled,Ear pain,R564,2025-08-29
APT002000,PAT00238,DOC0030,2026-01-17 10:00,Emergency,Completed,Joint pain,R784,2026-01-15
APT002001,PAT00644,DOC0025,2025-11-23 17:15,Vaccination,No-show,Diabetes follow-up,R707,2025-11-14
APT002002,PAT00016,DOC0102,2026-03-24 14:00,Annual Check-up,No-show,Chest discomfort,R469,2026-02-20
APT002003,PAT01140,DOC0006,2026-09-06 17:15,Consultation,Cancelled,Fever and cough,R175,2026-09-04
APT002004,PAT00615,DOC0014,2026-09-29 14:30,Vaccination,Scheduled,Blood pressure review,R441,2026-08-04
APT002005,PAT00259,DOC0101,2026-06-07 10:30,Vaccination,Scheduled,Skin rash,R520,2026-04-16
APT002006,PAT00931,DOC0037,2026-10-06 11:00,Vaccination,Cancelled,Diabetes follow-up,R791,2026-08-31
APT002007,PAT00458,DOC0003,2026-01-30 12:30,Annual Check-up,Cancelled,Vaccination,R828,2026-01-28
APT002008,PAT00466,DOC0060,2026-07-26 10:15,Vaccination,Cancelled,Routine check-up,R843,2026-05-29
APT002009,PAT00911,DOC0033,2025-09-03 16:00,Vaccination,Completed,Back pain,R431,2025-08-11
APT002010,PAT01010,DOC0101,2026-01-17 14:00,Follow-up,Completed,Pregnancy consultation,R690,2025-11-20
APT002011,PAT00002,DOC0107,2026-03-06 16:00,Emergency,Completed,Ear pain,R257,2026-01-31
APT002012,PAT01113,DOC0055,2025-01-16 16:00,Telehealth,Completed,Ear pain,R440,2024-12-20
APT002013,PAT00942,DOC0031,2025-08-28 17:30,Consultation,Scheduled,Back pain,R185,2025-08-02
APT002014,PAT00652,DOC0019,2026-03-31 16:00,Telehealth,Completed,Joint pain,R780,2026-02-23
APT002015,PAT00142,DOC0039,2026-08-25 09:15,Consultation,Cancelled,Back pain,R625,2026-08-07
APT002016,PAT00399,DOC0062,2026-02-13 11:45,Emergency,Completed,Skin rash,R571,2025-12-25
APT002017,PAT01022,DOC0111,2025-07-04 15:00,Annual Check-up,Completed,Pregnancy consultation,R289,2025-06-18
APT002018,PAT00289,DOC0116,2025-09-14 11:15,Consultation,Cancelled,Skin rash,R886,2025-09-11
APT002019,PAT00561,DOC0011,2026-04-11 11:30,Emergency,No-show,Routine check-up,R451,2026-03-26
APT002020,PAT00816,DOC0077,2025-04-21 15:30,Emergency,Scheduled,Back pain,R699,2025-02-20
APT002021,PAT00059,DOC0050,2025-06-28 17:45,Emergency,Completed,Fever and cough,R269,2025-06-04
APT002022,PAT00927,DOC0008,2025-09-02 12:15,Vaccination,Completed,Chest discomfort,R447,2025-07-20
APT002023,PAT00597,DOC0046,2025-07-05 12:00,Vaccination,No-show,Back pain,R243,2025-06-01
APT002024,PAT00793,DOC0029,2025-02-17 14:00,Vaccination,Completed,Joint pain,R546,2025-01-22
APT002025,PAT00377,DOC0116,2026-12-08 10:45,Emergency,Scheduled,Diabetes follow-up,R261,2026-10-30
APT002026,PAT00285,DOC0107,2025-05-15 09:30,Telehealth,Scheduled,Routine check-up,R655,2025-03-16
APT002027,PAT00363,DOC0116,2025-05-03 15:15,Telehealth,Completed,Anxiety symptoms,R492,2025-03-25
APT002028,PAT00430,DOC0061,2025-01-06 16:15,Lab Review,Completed,Diabetes follow-up,R134,2024-12-23
APT002029,PAT00249,DOC0108,2025-08-25 11:00,Lab Review,Cancelled,Skin rash,R467,2025-08-24
APT002030,PAT00379,DOC0020,2025-02-16 16:00,Consultation,Cancelled,Chest discomfort,R209,2025-01-10
APT002031,PAT00491,DOC0083,2025-09-07 12:30,Telehealth,Completed,Anxiety symptoms,R719,2025-08-06
APT002032,PAT00174,DOC0078,2025-03-05 09:00,Follow-up,Completed,Chest discomfort,R826,2025-01-26
APT002033,PAT00700,DOC0056,2025-04-12 16:15,Telehealth,Completed,Diabetes follow-up,R833,2025-02-25
APT002034,PAT00576,DOC0090,2026-05-20 10:30,Emergency,Cancelled,Back pain,R103,2026-04-03
APT002035,PAT00921,DOC0075,2026-09-29 11:15,Annual Check-up,Scheduled,Fever and cough,R323,2026-09-20
APT002036,PAT00480,DOC0011,2026-01-30 17:45,Lab Review,Cancelled,Joint pain,R178,2026-01-11
APT002037,PAT00679,DOC0049,2025-10-24 17:30,Telehealth,Completed,Lab results review,R114,2025-09-03
APT002038,PAT00243,DOC0079,2025-10-30 15:15,Annual Check-up,Cancelled,Chest discomfort,R207,2025-09-01
APT002039,PAT00165,DOC0086,2026-04-08 17:45,Telehealth,No-show,Headache,R449,2026-04-04
APT002040,PAT00706,DOC0023,2026-11-06 17:45,Lab Review,Scheduled,Routine check-up,R690,2026-10-26
APT002041,PAT01135,DOC0012,2026-12-19 15:45,Annual Check-up,Scheduled,Pregnancy consultation,R176,2026-10-28
APT002042,PAT00123,DOC0020,2025-05-16 12:00,Telehealth,Completed,Chest discomfort,R590,2025-04-05
APT002043,PAT01121,DOC0088,2026-03-29 09:45,Annual Check-up,Scheduled,Chest discomfort,R538,2026-03-15
APT002044,PAT00687,DOC0032,2025-05-19 11:15,Consultation,Scheduled,Chest discomfort,R653,2025-04-26
APT002045,PAT01200,DOC0020,2025-03-15 11:45,Vaccination,No-show,Lab results review,R838,2025-02-24
APT002046,PAT01050,DOC0048,2026-03-01 12:45,Emergency,Completed,Routine check-up,R256,2026-01-21
APT002047,PAT00639,DOC0025,2025-01-23 09:00,Telehealth,Completed,Ear pain,R445,2024-12-04
APT002048,PAT00504,DOC0073,2026-07-05 11:15,Follow-up,Scheduled,Ear pain,R247,2026-06-18
APT002049,PAT00896,DOC0045,2026-09-06 16:45,Telehealth,Scheduled,Anxiety symptoms,R874,2026-08-02
APT002050,PAT00529,DOC0014,2026-05-18 12:45,Vaccination,Completed,Headache,R174,2026-03-22
APT002051,PAT00699,DOC0115,2025-08-04 11:00,Lab Review,Completed,Routine check-up,R382,2025-06-22
APT002052,PAT00063,DOC0105,2026-02-02 15:15,Telehealth,Scheduled,Ear pain,R400,2026-01-21
APT002053,PAT00883,DOC0057,2025-08-14 15:00,Telehealth,Completed,Medication refill,R288,2025-07-27
APT002054,PAT00648,DOC0045,2025-08-14 12:45,Annual Check-up,Completed,Lab results review,R502,2025-07-24
APT002055,PAT00791,DOC0079,2026-04-26 16:30,Vaccination,Scheduled,Pregnancy consultation,R401,2026-03-19
APT002056,PAT00873,DOC0021,2025-06-18 14:30,Lab Review,Completed,Ear pain,R224,2025-06-16
APT002057,PAT00629,DOC0053,2026-10-03 11:30,Follow-up,Cancelled,Fever and cough,R682,2026-09-06
APT002058,PAT00670,DOC0050,2026-07-01 15:00,Lab Review,Scheduled,Diabetes follow-up,R532,2026-05-12
APT002059,PAT00259,DOC0097,2026-04-04 16:45,Follow-up,Cancelled,Diabetes follow-up,R858,2026-03-14
APT002060,PAT00045,DOC0079,2026-03-28 12:30,Lab Review,Completed,Chest discomfort,R242,2026-03-23
APT002061,PAT00269,DOC0074,2025-04-23 14:45,Emergency,No-show,Lab results review,R105,2025-04-11
APT002062,PAT00302,DOC0101,2025-07-20 14:45,Lab Review,Cancelled,Vaccination,R807,2025-05-21
APT002063,PAT00013,DOC0037,2025-12-20 17:45,Emergency,Completed,Lab results review,R220,2025-10-25
APT002064,PAT01065,DOC0038,2026-12-16 09:45,Annual Check-up,Scheduled,Fever and cough,R726,2026-11-12
APT002065,PAT00275,DOC0012,2025-10-27 17:15,Follow-up,Completed,Medication refill,R556,2025-09-15
APT002066,PAT00320,DOC0089,2025-02-27 14:30,Telehealth,No-show,Routine check-up,R600,2025-02-01
APT002067,PAT00912,DOC0002,2026-02-09 12:45,Annual Check-up,Completed,Chest discomfort,R244,2025-12-16
APT002068,PAT01066,DOC0055,2025-07-25 09:00,Lab Review,Completed,Routine check-up,R256,2025-07-23
APT002069,PAT00101,DOC0115,2026-11-24 14:30,Lab Review,Scheduled,Diabetes follow-up,R657,2026-11-10
APT002070,PAT00420,DOC0097,2025-08-06 16:45,Telehealth,Cancelled,Chest discomfort,R124,2025-06-16
APT002071,PAT01044,DOC0022,2026-12-09 16:45,Consultation,Cancelled,Ear pain,R815,2026-11-25
APT002072,PAT00781,DOC0002,2025-12-10 14:30,Vaccination,Scheduled,Joint pain,R237,2025-12-08
APT002073,PAT01152,DOC0048,2026-03-06 14:00,Follow-up,Completed,Routine check-up,R368,2026-01-25
APT002074,PAT00757,DOC0098,2025-04-06 12:30,Lab Review,No-show,Fever and cough,R101,2025-04-01
APT002075,PAT00222,DOC0116,2025-12-06 14:45,Emergency,Scheduled,Routine check-up,R644,2025-10-21
APT002076,PAT00123,DOC0070,2025-02-19 12:00,Annual Check-up,Completed,Skin rash,R170,2025-02-15
APT002077,PAT00578,DOC0008,2025-10-06 12:00,Telehealth,Scheduled,Back pain,R622,2025-09-14
APT002078,PAT00156,DOC0088,2025-08-07 15:15,Annual Check-up,No-show,Pregnancy consultation,R206,2025-07-20
APT002079,PAT01055,DOC0083,2025-08-11 17:30,Emergency,Completed,Vaccination,R618,2025-08-07
APT002080,PAT00404,DOC0006,2026-10-02 09:00,Emergency,Cancelled,Joint pain,R491,2026-09-13
APT002081,PAT00917,DOC0015,2026-05-14 17:30,Vaccination,Completed,Fever and cough,R139,2026-05-04
APT002082,PAT00948,DOC0102,2026-11-04 10:45,Annual Check-up,Cancelled,Joint pain,R673,2026-09-23
APT002083,PAT00419,DOC0062,2026-12-20 10:45,Vaccination,Scheduled,Routine check-up,R499,2026-11-22
APT002084,PAT01060,DOC0055,2025-04-26 10:45,Telehealth,Scheduled,Lab results review,R465,2025-03-19
APT002085,PAT01068,DOC0026,2026-11-11 12:15,Lab Review,Scheduled,Headache,R143,2026-09-25
APT002086,PAT00658,DOC0111,2025-01-29 15:15,Emergency,Completed,Back pain,R466,2024-12-18
APT002087,PAT01105,DOC0009,2026-08-26 15:45,Follow-up,Cancelled,Back pain,R659,2026-08-02
APT002088,PAT00506,DOC0047,2025-09-03 12:15,Telehealth,Completed,Skin rash,R510,2025-07-22
APT002089,PAT00291,DOC0013,2026-04-25 17:30,Consultation,Completed,Pregnancy consultation,R798,2026-04-03
APT002090,PAT01105,DOC0105,2025-10-02 16:45,Vaccination,Scheduled,Pregnancy consultation,R314,2025-10-01
APT002091,PAT00415,DOC0001,2025-06-05 15:15,Follow-up,Scheduled,Diabetes follow-up,R591,2025-04-17
APT002092,PAT00787,DOC0056,2026-08-30 12:30,Emergency,Cancelled,Back pain,R857,2026-07-15
APT002093,PAT00126,DOC0022,2025-11-24 11:30,Consultation,Scheduled,Skin rash,R345,2025-11-23
APT002094,PAT01115,DOC0060,2025-07-15 09:45,Lab Review,No-show,Diabetes follow-up,R109,2025-06-04
APT002095,PAT00936,DOC0098,2025-08-18 11:45,Telehealth,Scheduled,Medication refill,R567,2025-06-20
APT002096,PAT00238,DOC0016,2026-05-29 14:15,Annual Check-up,Completed,Back pain,R851,2026-04-28
APT002097,PAT01033,DOC0118,2026-02-04 12:00,Consultation,Cancelled,Medication refill,R109,2026-01-06
APT002098,PAT00170,DOC0019,2025-03-16 09:15,Follow-up,Completed,Ear pain,R299,2025-02-25
APT002099,PAT00595,DOC0063,2025-08-10 09:30,Telehealth,No-show,Ear pain,R809,2025-06-28
APT002100,PAT00916,DOC0061,2025-04-07 16:00,Vaccination,Cancelled,Chest discomfort,R747,2025-03-07
APT002101,PAT00222,DOC0049,2026-01-09 16:30,Telehealth,Scheduled,Medication refill,R889,2025-12-10
APT002102,PAT00833,DOC0038,2025-02-11 16:15,Lab Review,Completed,Blood pressure review,R373,2025-02-09
APT002103,PAT00036,DOC0079,2027-01-01 15:15,Annual Check-up,Scheduled,Diabetes follow-up,R489,2026-11-18
APT002104,PAT00747,DOC0026,2026-04-15 12:15,Vaccination,Completed,Diabetes follow-up,R178,2026-02-25
APT002105,PAT00530,DOC0032,2026-10-01 09:45,Emergency,Cancelled,Fever and cough,R590,2026-08-19
APT002106,PAT00499,DOC0054,2025-02-21 10:30,Vaccination,No-show,Vaccination,R218,2025-02-15
APT002107,PAT00674,DOC0005,2026-12-20 10:00,Lab Review,Cancelled,Routine check-up,R256,2026-11-23
APT002108,PAT00019,DOC0004,2026-06-01 09:15,Vaccination,Completed,Headache,R686,2026-04-16
APT002109,PAT00428,DOC0086,2025-09-25 17:30,Lab Review,Scheduled,Anxiety symptoms,R670,2025-07-28
APT002110,PAT00417,DOC0029,2025-11-23 14:15,Consultation,Scheduled,Back pain,R715,2025-11-11
APT002111,PAT00221,DOC0037,2026-08-08 16:45,Telehealth,Scheduled,Anxiety symptoms,R349,2026-06-11
APT002112,PAT01035,DOC0119,2026-02-28 16:30,Lab Review,Completed,Chest discomfort,R260,2026-02-26
APT002113,PAT00426,DOC0012,2026-05-22 11:45,Follow-up,Completed,Headache,R898,2026-04-18
APT002114,PAT00291,DOC0040,2026-02-07 15:30,Follow-up,Cancelled,Lab results review,R838,2026-01-06
APT002115,PAT00264,DOC0038,2025-01-03 09:00,Annual Check-up,No-show,Ear pain,R774,2024-12-24
APT002116,PAT00043,DOC0070,2026-02-05 09:00,Annual Check-up,No-show,Skin rash,R487,2025-12-16
APT002117,PAT00036,DOC0041,2025-03-30 09:30,Lab Review,Completed,Skin rash,R247,2025-02-26
APT002118,PAT00235,DOC0052,2026-10-30 12:00,Annual Check-up,Cancelled,Joint pain,R303,2026-10-14
APT002119,PAT00656,DOC0116,2026-03-07 12:45,Lab Review,No-show,Anxiety symptoms,R306,2026-01-14
APT002120,PAT00027,DOC0012,2025-03-01 09:00,Vaccination,Completed,Anxiety symptoms,R710,2025-01-22
APT002121,PAT00481,DOC0009,2026-07-21 17:00,Lab Review,Scheduled,Ear pain,R645,2026-07-18
APT002122,PAT00356,DOC0068,2026-10-22 12:30,Emergency,Scheduled,Ear pain,R657,2026-08-26
APT002123,PAT00369,DOC0080,2026-12-01 09:15,Follow-up,Cancelled,Fever and cough,R749,2026-11-02
APT002124,PAT00855,DOC0055,2025-04-01 12:45,Vaccination,Completed,Headache,R759,2025-03-30
APT002125,PAT01049,DOC0101,2025-03-26 11:15,Telehealth,No-show,Chest discomfort,R633,2025-03-21
APT002126,PAT00715,DOC0110,2026-08-09 14:45,Lab Review,Scheduled,Joint pain,R569,2026-06-15
APT002127,PAT00008,DOC0112,2025-12-22 12:00,Consultation,Completed,Lab results review,R458,2025-11-08
APT002128,PAT01124,DOC0028,2026-11-22 12:00,Telehealth,Scheduled,Lab results review,R308,2026-10-14
APT002129,PAT00918,DOC0080,2026-05-31 14:15,Vaccination,Cancelled,Routine check-up,R228,2026-04-13
APT002130,PAT00632,DOC0018,2026-11-15 16:15,Lab Review,Cancelled,Vaccination,R465,2026-10-04
APT002131,PAT00059,DOC0097,2025-04-17 16:45,Annual Check-up,Scheduled,Headache,R201,2025-03-15
APT002132,PAT01015,DOC0062,2026-02-12 11:15,Telehealth,Completed,Headache,R658,2026-01-09
APT002133,PAT00733,DOC0004,2025-03-31 16:15,Follow-up,Scheduled,Vaccination,R707,2025-03-20
APT002134,PAT00377,DOC0055,2026-03-19 16:45,Vaccination,No-show,Pregnancy consultation,R112,2026-02-10
APT002135,PAT00399,DOC0058,2026-10-22 16:00,Follow-up,Scheduled,Headache,R664,2026-08-24
APT002136,PAT01102,DOC0078,2025-01-01 17:30,Follow-up,Cancelled,Anxiety symptoms,R426,2024-11-25
APT002137,PAT01097,DOC0014,2025-05-19 15:30,Telehealth,Scheduled,Anxiety symptoms,R577,2025-05-09
APT002138,PAT00889,DOC0042,2026-09-10 17:45,Lab Review,Cancelled,Skin rash,R293,2026-07-13
APT002139,PAT01141,DOC0048,2026-06-29 09:30,Emergency,Cancelled,Fever and cough,R228,2026-05-10
APT002140,PAT00903,DOC0014,2026-02-01 15:45,Follow-up,Cancelled,Pregnancy consultation,R686,2026-01-27
APT002141,PAT00285,DOC0076,2025-12-27 16:30,Vaccination,Completed,Medication refill,R646,2025-11-28
APT002142,PAT00165,DOC0083,2025-04-27 14:45,Lab Review,Completed,Fever and cough,R768,2025-04-03
APT002143,PAT00090,DOC0001,2026-09-10 11:30,Annual Check-up,Cancelled,Skin rash,R286,2026-08-07
APT002144,PAT00916,DOC0072,2026-05-19 15:45,Follow-up,No-show,Fever and cough,R758,2026-05-17
APT002145,PAT00290,DOC0076,2025-07-20 09:00,Follow-up,No-show,Routine check-up,R449,2025-06-09
APT002146,PAT00028,DOC0009,2026-10-22 16:00,Vaccination,Scheduled,Vaccination,R873,2026-10-20
APT002147,PAT00823,DOC0085,2026-10-21 15:15,Lab Review,Scheduled,Diabetes follow-up,R294,2026-09-24
APT002148,PAT00432,DOC0106,2025-05-02 09:45,Consultation,Completed,Diabetes follow-up,R611,2025-03-22
APT002149,PAT00401,DOC0003,2025-05-20 14:15,Annual Check-up,Scheduled,Joint pain,R828,2025-04-22
APT002150,PAT00285,DOC0034,2026-12-20 17:30,Annual Check-up,Cancelled,Blood pressure review,R396,2026-12-18
APT002151,PAT00669,DOC0064,2026-12-08 10:30,Vaccination,Cancelled,Skin rash,R477,2026-10-11
APT002152,PAT00836,DOC0087,2026-05-23 14:00,Vaccination,Scheduled,Ear pain,R605,2026-04-02
APT002153,PAT00427,DOC0047,2026-10-24 14:30,Emergency,Scheduled,Back pain,R842,2026-10-19
APT002154,PAT00575,DOC0049,2026-11-03 16:45,Annual Check-up,Scheduled,Back pain,R866,2026-09-08
APT002155,PAT00549,DOC0065,2025-07-23 14:15,Annual Check-up,Completed,Chest discomfort,R661,2025-06-25
APT002156,PAT00328,DOC0110,2026-03-03 17:15,Lab Review,Scheduled,Headache,R407,2026-01-28
APT002157,PAT00642,DOC0031,2025-06-07 09:45,Vaccination,Completed,Vaccination,R583,2025-06-06
APT002158,PAT01041,DOC0116,2026-09-16 14:15,Lab Review,Scheduled,Diabetes follow-up,R725,2026-08-11
APT002159,PAT00448,DOC0085,2026-10-27 14:30,Vaccination,Scheduled,Blood pressure review,R808,2026-10-05
APT002160,PAT01097,DOC0005,2025-12-31 09:30,Emergency,Completed,Back pain,R839,2025-12-28
APT002161,PAT00359,DOC0069,2025-10-03 16:45,Lab Review,No-show,Diabetes follow-up,R109,2025-09-29
APT002162,PAT00938,DOC0026,2025-10-15 11:15,Annual Check-up,Completed,Anxiety symptoms,R579,2025-09-16
APT002163,PAT00466,DOC0118,2026-05-17 11:30,Lab Review,No-show,Skin rash,R454,2026-04-04
APT002164,PAT00010,DOC0031,2026-07-30 09:00,Vaccination,Scheduled,Headache,R460,2026-07-22
APT002165,PAT00726,DOC0005,2026-11-24 11:00,Annual Check-up,Scheduled,Skin rash,R290,2026-10-19
APT002166,PAT00193,DOC0040,2025-08-03 15:15,Follow-up,Completed,Joint pain,R576,2025-06-25
APT002167,PAT00543,DOC0099,2026-12-02 12:15,Lab Review,Cancelled,Medication refill,R877,2026-11-10
APT002168,PAT00386,DOC0011,2025-04-13 10:15,Emergency,No-show,Blood pressure review,R690,2025-04-11
APT002169,PAT00563,DOC0112,2025-06-20 16:30,Lab Review,Scheduled,Diabetes follow-up,R371,2025-06-10
APT002170,PAT01130,DOC0056,2026-11-23 16:15,Consultation,Scheduled,Medication refill,R809,2026-11-19
APT002171,PAT01073,DOC0047,2026-05-23 12:15,Annual Check-up,No-show,Pregnancy consultation,R459,2026-04-30
APT002172,PAT00600,DOC0044,2025-03-24 14:45,Lab Review,Cancelled,Fever and cough,R741,2025-03-18
APT002173,PAT01198,DOC0030,2025-11-28 10:00,Emergency,No-show,Vaccination,R453,2025-10-05
APT002174,PAT00733,DOC0041,2026-12-02 12:45,Follow-up,Scheduled,Ear pain,R586,2026-11-20
APT002175,PAT01114,DOC0109,2025-04-21 16:45,Telehealth,Completed,Blood pressure review,R357,2025-03-27
APT002176,PAT00196,DOC0108,2025-05-24 10:30,Emergency,Scheduled,Lab results review,R534,2025-04-07
APT002177,PAT00342,DOC0098,2026-03-12 14:00,Consultation,Scheduled,Diabetes follow-up,R627,2026-02-23
APT002178,PAT01077,DOC0016,2026-06-08 17:45,Vaccination,Completed,Diabetes follow-up,R737,2026-04-09
APT002179,PAT00122,DOC0055,2026-08-08 12:00,Consultation,Scheduled,Anxiety symptoms,R341,2026-06-09
APT002180,PAT00689,DOC0010,2026-03-23 17:00,Consultation,Completed,Skin rash,R830,2026-03-01
APT002181,PAT01106,DOC0019,2025-05-09 16:45,Lab Review,No-show,Blood pressure review,R203,2025-04-27
APT002182,PAT00441,DOC0036,2025-08-23 09:30,Lab Review,Completed,Pregnancy consultation,R193,2025-07-11
APT002183,PAT00598,DOC0084,2025-06-05 09:15,Lab Review,Cancelled,Back pain,R349,2025-05-10
APT002184,PAT00610,DOC0047,2025-02-17 11:15,Follow-up,No-show,Medication refill,R210,2025-02-01
APT002185,PAT00523,DOC0017,2026-04-28 15:30,Telehealth,Scheduled,Vaccination,R290,2026-03-20
APT002186,PAT00131,DOC0015,2025-12-06 14:00,Annual Check-up,Completed,Ear pain,R365,2025-11-23
APT002187,PAT00175,DOC0067,2026-12-26 12:30,Emergency,Cancelled,Blood pressure review,R331,2026-10-28
APT002188,PAT00174,DOC0114,2025-02-09 11:45,Annual Check-up,Completed,Vaccination,R758,2025-02-02
APT002189,PAT00657,DOC0003,2026-02-22 11:00,Vaccination,Scheduled,Chest discomfort,R230,2026-01-28
APT002190,PAT00696,DOC0104,2025-03-07 17:15,Vaccination,Completed,Lab results review,R215,2025-01-12
APT002191,PAT00876,DOC0019,2026-12-03 10:00,Follow-up,Scheduled,Ear pain,R734,2026-11-23
APT002192,PAT00321,DOC0013,2026-08-31 12:45,Telehealth,Scheduled,Anxiety symptoms,R324,2026-07-18
APT002193,PAT00944,DOC0056,2026-05-11 10:00,Vaccination,Completed,Back pain,R627,2026-03-28
APT002194,PAT00925,DOC0063,2025-01-02 17:30,Annual Check-up,Cancelled,Back pain,R734,2024-11-09
APT002195,PAT00166,DOC0048,2025-07-21 09:30,Consultation,Completed,Skin rash,R111,2025-05-30
APT002196,PAT00364,DOC0001,2025-05-15 16:15,Vaccination,Scheduled,Pregnancy consultation,R728,2025-05-12
APT002197,PAT00437,DOC0096,2025-11-14 15:00,Emergency,Cancelled,Diabetes follow-up,R616,2025-10-19
APT002198,PAT00927,DOC0098,2026-02-11 09:15,Emergency,Completed,Chest discomfort,R109,2026-01-03
APT002199,PAT00422,DOC0035,2026-02-22 17:30,Consultation,No-show,Skin rash,R650,2026-01-07
APT002200,PAT00300,DOC0031,2026-03-11 10:00,Lab Review,Completed,Routine check-up,R663,2026-01-27
